country,age_group,start_date,end_date,total_rsv_hospitalisations
Austria,0-2mo,2026-08-31,2027-08-29,1262
Austria,3-5mo,2026-08-31,2027-08-29,651
Austria,6-11mo,2026-08-31,2027-08-29,513
Austria,1-4,2026-08-31,2027-08-29,969
Austria,5-17,2026-08-31,2027-08-29,53
Austria,18-59,2026-08-31,2027-08-29,300
Austria,60-64,2026-08-31,2027-08-29,192
Austria,65-69,2026-08-31,2027-08-29,277
Austria,70-74,2026-08-31,2027-08-29,355
Austria,75-79,2026-08-31,2027-08-29,438
Austria,80+,2026-08-31,2027-08-29,1794
Belgium,0-2mo,2026-08-31,2027-08-29,2031
Belgium,3-5mo,2026-08-31,2027-08-29,1029
Belgium,6-11mo,2026-08-31,2027-08-29,866
Belgium,1-4,2026-08-31,2027-08-29,1478
Belgium,5-17,2026-08-31,2027-08-29,142
Belgium,18-59,2026-08-31,2027-08-29,455
Belgium,60-64,2026-08-31,2027-08-29,269
Belgium,65-69,2026-08-31,2027-08-29,356
Belgium,70-74,2026-08-31,2027-08-29,511
Belgium,75-79,2026-08-31,2027-08-29,662
Belgium,80+,2026-08-31,2027-08-29,2332
Bulgaria,0-2mo,2026-08-31,2027-08-29,1168
Bulgaria,3-5mo,2026-08-31,2027-08-29,616
Bulgaria,6-11mo,2026-08-31,2027-08-29,546
Bulgaria,1-4,2026-08-31,2027-08-29,727
Bulgaria,5-17,2026-08-31,2027-08-29,40
Bulgaria,18-59,2026-08-31,2027-08-29,250
Bulgaria,60-64,2026-08-31,2027-08-29,141
Bulgaria,65-69,2026-08-31,2027-08-29,246
Bulgaria,70-74,2026-08-31,2027-08-29,346
Bulgaria,75-79,2026-08-31,2027-08-29,445
Bulgaria,80+,2026-08-31,2027-08-29,1096
Croatia,0-2mo,2026-08-31,2027-08-29,625
Croatia,3-5mo,2026-08-31,2027-08-29,317
Croatia,6-11mo,2026-08-31,2027-08-29,316
Croatia,1-4,2026-08-31,2027-08-29,412
Croatia,5-17,2026-08-31,2027-08-29,33
Croatia,18-59,2026-08-31,2027-08-29,125
Croatia,60-64,2026-08-31,2027-08-29,76
Croatia,65-69,2026-08-31,2027-08-29,139
Croatia,70-74,2026-08-31,2027-08-29,190
Croatia,75-79,2026-08-31,2027-08-29,228
Croatia,80+,2026-08-31,2027-08-29,609
Cyprus,0-2mo,2026-08-31,2027-08-29,188
Cyprus,3-5mo,2026-08-31,2027-08-29,103
Cyprus,6-11mo,2026-08-31,2027-08-29,91
Cyprus,1-4,2026-08-31,2027-08-29,127
Cyprus,5-17,2026-08-31,2027-08-29,9
Cyprus,18-59,2026-08-31,2027-08-29,49
Cyprus,60-64,2026-08-31,2027-08-29,20
Cyprus,65-69,2026-08-31,2027-08-29,26
Cyprus,70-74,2026-08-31,2027-08-29,39
Cyprus,75-79,2026-08-31,2027-08-29,70
Cyprus,80+,2026-08-31,2027-08-29,141
Czech Republic,0-2mo,2026-08-31,2027-08-29,1694
Czech Republic,3-5mo,2026-08-31,2027-08-29,845
Czech Republic,6-11mo,2026-08-31,2027-08-29,808
Czech Republic,1-4,2026-08-31,2027-08-29,1438
Czech Republic,5-17,2026-08-31,2027-08-29,99
Czech Republic,18-59,2026-08-31,2027-08-29,345
Czech Republic,60-64,2026-08-31,2027-08-29,172
Czech Republic,65-69,2026-08-31,2027-08-29,296
Czech Republic,70-74,2026-08-31,2027-08-29,494
Czech Republic,75-79,2026-08-31,2027-08-29,660
Czech Republic,80+,2026-08-31,2027-08-29,1555
Denmark,0-2mo,2026-08-31,2027-08-29,864
Denmark,3-5mo,2026-08-31,2027-08-29,595
Denmark,6-11mo,2026-08-31,2027-08-29,546
Denmark,1-4,2026-08-31,2027-08-29,1115
Denmark,5-17,2026-08-31,2027-08-29,46
Denmark,18-59,2026-08-31,2027-08-29,187
Denmark,60-64,2026-08-31,2027-08-29,111
Denmark,65-69,2026-08-31,2027-08-29,162
Denmark,70-74,2026-08-31,2027-08-29,219
Denmark,75-79,2026-08-31,2027-08-29,296
Denmark,80+,2026-08-31,2027-08-29,749
Estonia,0-2mo,2026-08-31,2027-08-29,182
Estonia,3-5mo,2026-08-31,2027-08-29,88
Estonia,6-11mo,2026-08-31,2027-08-29,70
Estonia,1-4,2026-08-31,2027-08-29,161
Estonia,5-17,2026-08-31,2027-08-29,12
Estonia,18-59,2026-08-31,2027-08-29,37
Estonia,60-64,2026-08-31,2027-08-29,33
Estonia,65-69,2026-08-31,2027-08-29,45
Estonia,70-74,2026-08-31,2027-08-29,48
Estonia,75-79,2026-08-31,2027-08-29,67
Estonia,80+,2026-08-31,2027-08-29,220
Finland,0-2mo,2026-08-31,2027-08-29,879
Finland,3-5mo,2026-08-31,2027-08-29,453
Finland,6-11mo,2026-08-31,2027-08-29,363
Finland,1-4,2026-08-31,2027-08-29,596
Finland,5-17,2026-08-31,2027-08-29,6
Finland,18-59,2026-08-31,2027-08-29,48
Finland,60-64,2026-08-31,2027-08-29,33
Finland,65-69,2026-08-31,2027-08-29,57
Finland,70-74,2026-08-31,2027-08-29,96
Finland,75-79,2026-08-31,2027-08-29,153
Finland,80+,2026-08-31,2027-08-29,515
France,0-2mo,2026-08-31,2027-08-29,15407
France,3-5mo,2026-08-31,2027-08-29,7459
France,6-11mo,2026-08-31,2027-08-29,7904
France,1-4,2026-08-31,2027-08-29,8242
France,5-17,2026-08-31,2027-08-29,690
France,18-59,2026-08-31,2027-08-29,2194
France,60-64,2026-08-31,2027-08-29,1252
France,65-69,2026-08-31,2027-08-29,1863
France,70-74,2026-08-31,2027-08-29,2799
France,75-79,2026-08-31,2027-08-29,3764
France,80+,2026-08-31,2027-08-29,13771
Germany,0-2mo,2026-08-31,2027-08-29,12643
Germany,3-5mo,2026-08-31,2027-08-29,6179
Germany,6-11mo,2026-08-31,2027-08-29,5927
Germany,1-4,2026-08-31,2027-08-29,9374
Germany,5-17,2026-08-31,2027-08-29,505
Germany,18-59,2026-08-31,2027-08-29,2277
Germany,60-64,2026-08-31,2027-08-29,1561
Germany,65-69,2026-08-31,2027-08-29,2145
Germany,70-74,2026-08-31,2027-08-29,3041
Germany,75-79,2026-08-31,2027-08-29,3395
Germany,80+,2026-08-31,2027-08-29,16354
Greece,0-2mo,2026-08-31,2027-08-29,1461
Greece,3-5mo,2026-08-31,2027-08-29,685
Greece,6-11mo,2026-08-31,2027-08-29,633
Greece,1-4,2026-08-31,2027-08-29,844
Greece,5-17,2026-08-31,2027-08-29,69
Greece,18-59,2026-08-31,2027-08-29,319
Greece,60-64,2026-08-31,2027-08-29,209
Greece,65-69,2026-08-31,2027-08-29,305
Greece,70-74,2026-08-31,2027-08-29,417
Greece,75-79,2026-08-31,2027-08-29,619
Greece,80+,2026-08-31,2027-08-29,2486
Hungary,0-2mo,2026-08-31,2027-08-29,1567
Hungary,3-5mo,2026-08-31,2027-08-29,805
Hungary,6-11mo,2026-08-31,2027-08-29,787
Hungary,1-4,2026-08-31,2027-08-29,1157
Hungary,5-17,2026-08-31,2027-08-29,84
Hungary,18-59,2026-08-31,2027-08-29,339
Hungary,60-64,2026-08-31,2027-08-29,173
Hungary,65-69,2026-08-31,2027-08-29,286
Hungary,70-74,2026-08-31,2027-08-29,463
Hungary,75-79,2026-08-31,2027-08-29,466
Hungary,80+,2026-08-31,2027-08-29,1367
Ireland,0-2mo,2026-08-31,2027-08-29,955
Ireland,3-5mo,2026-08-31,2027-08-29,692
Ireland,6-11mo,2026-08-31,2027-08-29,669
Ireland,1-4,2026-08-31,2027-08-29,996
Ireland,5-17,2026-08-31,2027-08-29,85
Ireland,18-59,2026-08-31,2027-08-29,302
Ireland,60-64,2026-08-31,2027-08-29,128
Ireland,65-69,2026-08-31,2027-08-29,174
Ireland,70-74,2026-08-31,2027-08-29,247
Ireland,75-79,2026-08-31,2027-08-29,278
Ireland,80+,2026-08-31,2027-08-29,739
Italy,0-2mo,2026-08-31,2027-08-29,7612
Italy,3-5mo,2026-08-31,2027-08-29,3581
Italy,6-11mo,2026-08-31,2027-08-29,3425
Italy,1-4,2026-08-31,2027-08-29,4134
Italy,5-17,2026-08-31,2027-08-29,430
Italy,18-59,2026-08-31,2027-08-29,1949
Italy,60-64,2026-08-31,2027-08-29,1167
Italy,65-69,2026-08-31,2027-08-29,1569
Italy,70-74,2026-08-31,2027-08-29,2223
Italy,75-79,2026-08-31,2027-08-29,3323
Italy,80+,2026-08-31,2027-08-29,12584
Latvia,0-2mo,2026-08-31,2027-08-29,246
Latvia,3-5mo,2026-08-31,2027-08-29,133
Latvia,6-11mo,2026-08-31,2027-08-29,103
Latvia,1-4,2026-08-31,2027-08-29,176
Latvia,5-17,2026-08-31,2027-08-29,11
Latvia,18-59,2026-08-31,2027-08-29,46
Latvia,60-64,2026-08-31,2027-08-29,38
Latvia,65-69,2026-08-31,2027-08-29,40
Latvia,70-74,2026-08-31,2027-08-29,70
Latvia,75-79,2026-08-31,2027-08-29,106
Latvia,80+,2026-08-31,2027-08-29,398
Lithuania,0-2mo,2026-08-31,2027-08-29,342
Lithuania,3-5mo,2026-08-31,2027-08-29,162
Lithuania,6-11mo,2026-08-31,2027-08-29,171
Lithuania,1-4,2026-08-31,2027-08-29,227
Lithuania,5-17,2026-08-31,2027-08-29,17
Lithuania,18-59,2026-08-31,2027-08-29,74
Lithuania,60-64,2026-08-31,2027-08-29,61
Lithuania,65-69,2026-08-31,2027-08-29,79
Lithuania,70-74,2026-08-31,2027-08-29,116
Lithuania,75-79,2026-08-31,2027-08-29,120
Lithuania,80+,2026-08-31,2027-08-29,585
Luxembourg,0-2mo,2026-08-31,2027-08-29,109
Luxembourg,3-5mo,2026-08-31,2027-08-29,54
Luxembourg,6-11mo,2026-08-31,2027-08-29,39
Luxembourg,1-4,2026-08-31,2027-08-29,68
Luxembourg,5-17,2026-08-31,2027-08-29,7
Luxembourg,18-59,2026-08-31,2027-08-29,40
Luxembourg,60-64,2026-08-31,2027-08-29,20
Luxembourg,65-69,2026-08-31,2027-08-29,24
Luxembourg,70-74,2026-08-31,2027-08-29,33
Luxembourg,75-79,2026-08-31,2027-08-29,22
Luxembourg,80+,2026-08-31,2027-08-29,99
Malta,0-2mo,2026-08-31,2027-08-29,69
Malta,3-5mo,2026-08-31,2027-08-29,33
Malta,6-11mo,2026-08-31,2027-08-29,46
Malta,1-4,2026-08-31,2027-08-29,50
Malta,5-17,2026-08-31,2027-08-29,7
Malta,18-59,2026-08-31,2027-08-29,21
Malta,60-64,2026-08-31,2027-08-29,6
Malta,65-69,2026-08-31,2027-08-29,16
Malta,70-74,2026-08-31,2027-08-29,25
Malta,75-79,2026-08-31,2027-08-29,25
Malta,80+,2026-08-31,2027-08-29,87
Netherlands,0-2mo,2026-08-31,2027-08-29,2080
Netherlands,3-5mo,2026-08-31,2027-08-29,804
Netherlands,6-11mo,2026-08-31,2027-08-29,686
Netherlands,1-4,2026-08-31,2027-08-29,1028
Netherlands,5-17,2026-08-31,2027-08-29,144
Netherlands,18-59,2026-08-31,2027-08-29,589
Netherlands,60-64,2026-08-31,2027-08-29,345
Netherlands,65-69,2026-08-31,2027-08-29,503
Netherlands,70-74,2026-08-31,2027-08-29,691
Netherlands,75-79,2026-08-31,2027-08-29,970
Netherlands,80+,2026-08-31,2027-08-29,2431
Norway,0-2mo,2026-08-31,2027-08-29,809
Norway,3-5mo,2026-08-31,2027-08-29,486
Norway,6-11mo,2026-08-31,2027-08-29,382
Norway,1-4,2026-08-31,2027-08-29,778
Norway,5-17,2026-08-31,2027-08-29,85
Norway,18-59,2026-08-31,2027-08-29,239
Norway,60-64,2026-08-31,2027-08-29,130
Norway,65-69,2026-08-31,2027-08-29,188
Norway,70-74,2026-08-31,2027-08-29,293
Norway,75-79,2026-08-31,2027-08-29,371
Norway,80+,2026-08-31,2027-08-29,1052
Poland,0-2mo,2026-08-31,2027-08-29,4531
Poland,3-5mo,2026-08-31,2027-08-29,2136
Poland,6-11mo,2026-08-31,2027-08-29,2023
Poland,1-4,2026-08-31,2027-08-29,3474
Poland,5-17,2026-08-31,2027-08-29,285
Poland,18-59,2026-08-31,2027-08-29,1211
Poland,60-64,2026-08-31,2027-08-29,703
Poland,65-69,2026-08-31,2027-08-29,1307
Poland,70-74,2026-08-31,2027-08-29,1816
Poland,75-79,2026-08-31,2027-08-29,2027
Poland,80+,2026-08-31,2027-08-29,5745
Portugal,0-2mo,2026-08-31,2027-08-29,1556
Portugal,3-5mo,2026-08-31,2027-08-29,649
Portugal,6-11mo,2026-08-31,2027-08-29,638
Portugal,1-4,2026-08-31,2027-08-29,962
Portugal,5-17,2026-08-31,2027-08-29,67
Portugal,18-59,2026-08-31,2027-08-29,333
Portugal,60-64,2026-08-31,2027-08-29,210
Portugal,65-69,2026-08-31,2027-08-29,297
Portugal,70-74,2026-08-31,2027-08-29,500
Portugal,75-79,2026-08-31,2027-08-29,660
Portugal,80+,2026-08-31,2027-08-29,2485
Romania,0-2mo,2026-08-31,2027-08-29,2606
Romania,3-5mo,2026-08-31,2027-08-29,1262
Romania,6-11mo,2026-08-31,2027-08-29,1328
Romania,1-4,2026-08-31,2027-08-29,1828
Romania,5-17,2026-08-31,2027-08-29,241
Romania,18-59,2026-08-31,2027-08-29,878
Romania,60-64,2026-08-31,2027-08-29,449
Romania,65-69,2026-08-31,2027-08-29,792
Romania,70-74,2026-08-31,2027-08-29,1050
Romania,75-79,2026-08-31,2027-08-29,1143
Romania,80+,2026-08-31,2027-08-29,3296
Slovakia,0-2mo,2026-08-31,2027-08-29,888
Slovakia,3-5mo,2026-08-31,2027-08-29,447
Slovakia,6-11mo,2026-08-31,2027-08-29,461
Slovakia,1-4,2026-08-31,2027-08-29,622
Slovakia,5-17,2026-08-31,2027-08-29,51
Slovakia,18-59,2026-08-31,2027-08-29,176
Slovakia,60-64,2026-08-31,2027-08-29,134
Slovakia,65-69,2026-08-31,2027-08-29,197
Slovakia,70-74,2026-08-31,2027-08-29,292
Slovakia,75-79,2026-08-31,2027-08-29,290
Slovakia,80+,2026-08-31,2027-08-29,743
Slovenia,0-2mo,2026-08-31,2027-08-29,351
Slovenia,3-5mo,2026-08-31,2027-08-29,168
Slovenia,6-11mo,2026-08-31,2027-08-29,162
Slovenia,1-4,2026-08-31,2027-08-29,220
Slovenia,5-17,2026-08-31,2027-08-29,13
Slovenia,18-59,2026-08-31,2027-08-29,51
Slovenia,60-64,2026-08-31,2027-08-29,38
Slovenia,65-69,2026-08-31,2027-08-29,49
Slovenia,70-74,2026-08-31,2027-08-29,88
Slovenia,75-79,2026-08-31,2027-08-29,87
Slovenia,80+,2026-08-31,2027-08-29,319
Spain,0-2mo,2026-08-31,2027-08-29,5444
Spain,3-5mo,2026-08-31,2027-08-29,2481
Spain,6-11mo,2026-08-31,2027-08-29,2652
Spain,1-4,2026-08-31,2027-08-29,2597
Spain,5-17,2026-08-31,2027-08-29,312
Spain,18-59,2026-08-31,2027-08-29,1339
Spain,60-64,2026-08-31,2027-08-29,827
Spain,65-69,2026-08-31,2027-08-29,1102
Spain,70-74,2026-08-31,2027-08-29,1544
Spain,75-79,2026-08-31,2027-08-29,2161
Spain,80+,2026-08-31,2027-08-29,8475
Sweden,0-2mo,2026-08-31,2027-08-29,1624
Sweden,3-5mo,2026-08-31,2027-08-29,970
Sweden,6-11mo,2026-08-31,2027-08-29,764
Sweden,1-4,2026-08-31,2027-08-29,1406
Sweden,5-17,2026-08-31,2027-08-29,94
Sweden,18-59,2026-08-31,2027-08-29,381
Sweden,60-64,2026-08-31,2027-08-29,189
Sweden,65-69,2026-08-31,2027-08-29,285
Sweden,70-74,2026-08-31,2027-08-29,427
Sweden,75-79,2026-08-31,2027-08-29,635
Sweden,80+,2026-08-31,2027-08-29,1656
