country,age_group,target_end_date,year_week,week,year,weekly_rsv_hospitalisations
Austria,total,2026-09-06,2026-W36,36,2026,12
Austria,total,2026-09-13,2026-W37,37,2026,8
Austria,total,2026-09-20,2026-W38,38,2026,22
Austria,total,2026-09-27,2026-W39,39,2026,20
Austria,total,2026-10-04,2026-W40,40,2026,28
Austria,total,2026-10-11,2026-W41,41,2026,69
Austria,total,2026-10-18,2026-W42,42,2026,89
Austria,total,2026-10-25,2026-W43,43,2026,134
Austria,total,2026-11-01,2026-W44,44,2026,175
Austria,total,2026-11-08,2026-W45,45,2026,283
Austria,total,2026-11-15,2026-W46,46,2026,353
Austria,total,2026-11-22,2026-W47,47,2026,428
Austria,total,2026-11-29,2026-W48,48,2026,477
Austria,total,2026-12-06,2026-W49,49,2026,493
Austria,total,2026-12-13,2026-W50,50,2026,477
Austria,total,2026-12-20,2026-W51,51,2026,426
Austria,total,2026-12-27,2026-W52,52,2026,427
Austria,total,2027-01-03,2026-W53,53,2026,385
Austria,total,2027-01-10,2027-W01,1,2027,366
Austria,total,2027-01-17,2027-W02,2,2027,299
Austria,total,2027-01-24,2027-W03,3,2027,227
Austria,total,2027-01-31,2027-W04,4,2027,192
Austria,total,2027-02-07,2027-W05,5,2027,174
Austria,total,2027-02-14,2027-W06,6,2027,159
Austria,total,2027-02-21,2027-W07,7,2027,157
Austria,total,2027-02-28,2027-W08,8,2027,131
Austria,total,2027-03-07,2027-W09,9,2027,105
Austria,total,2027-03-14,2027-W10,10,2027,76
Austria,total,2027-03-21,2027-W11,11,2027,83
Austria,total,2027-03-28,2027-W12,12,2027,66
Austria,total,2027-04-04,2027-W13,13,2027,61
Austria,total,2027-04-11,2027-W14,14,2027,48
Austria,total,2027-04-18,2027-W15,15,2027,44
Austria,total,2027-04-25,2027-W16,16,2027,33
Austria,total,2027-05-02,2027-W17,17,2027,27
Austria,total,2027-05-09,2027-W18,18,2027,22
Austria,total,2027-05-16,2027-W19,19,2027,27
Austria,total,2027-05-23,2027-W20,20,2027,24
Austria,total,2027-05-30,2027-W21,21,2027,15
Austria,total,2027-06-06,2027-W22,22,2027,19
Austria,total,2027-06-13,2027-W23,23,2027,14
Austria,total,2027-06-20,2027-W24,24,2027,20
Austria,total,2027-06-27,2027-W25,25,2027,16
Austria,total,2027-07-04,2027-W26,26,2027,15
Austria,total,2027-07-11,2027-W27,27,2027,12
Austria,total,2027-07-18,2027-W28,28,2027,9
Austria,total,2027-07-25,2027-W29,29,2027,12
Austria,total,2027-08-01,2027-W30,30,2027,8
Austria,total,2027-08-08,2027-W31,31,2027,10
Austria,total,2027-08-15,2027-W32,32,2027,13
Austria,total,2027-08-22,2027-W33,33,2027,6
Austria,total,2027-08-29,2027-W34,34,2027,8
Belgium,total,2026-09-06,2026-W36,36,2026,21
Belgium,total,2026-09-13,2026-W37,37,2026,21
Belgium,total,2026-09-20,2026-W38,38,2026,30
Belgium,total,2026-09-27,2026-W39,39,2026,37
Belgium,total,2026-10-04,2026-W40,40,2026,55
Belgium,total,2026-10-11,2026-W41,41,2026,79
Belgium,total,2026-10-18,2026-W42,42,2026,146
Belgium,total,2026-10-25,2026-W43,43,2026,206
Belgium,total,2026-11-01,2026-W44,44,2026,316
Belgium,total,2026-11-08,2026-W45,45,2026,393
Belgium,total,2026-11-15,2026-W46,46,2026,494
Belgium,total,2026-11-22,2026-W47,47,2026,582
Belgium,total,2026-11-29,2026-W48,48,2026,696
Belgium,total,2026-12-06,2026-W49,49,2026,731
Belgium,total,2026-12-13,2026-W50,50,2026,738
Belgium,total,2026-12-20,2026-W51,51,2026,674
Belgium,total,2026-12-27,2026-W52,52,2026,587
Belgium,total,2027-01-03,2026-W53,53,2026,592
Belgium,total,2027-01-10,2027-W01,1,2027,567
Belgium,total,2027-01-17,2027-W02,2,2027,395
Belgium,total,2027-01-24,2027-W03,3,2027,323
Belgium,total,2027-01-31,2027-W04,4,2027,287
Belgium,total,2027-02-07,2027-W05,5,2027,260
Belgium,total,2027-02-14,2027-W06,6,2027,211
Belgium,total,2027-02-21,2027-W07,7,2027,210
Belgium,total,2027-02-28,2027-W08,8,2027,185
Belgium,total,2027-03-07,2027-W09,9,2027,187
Belgium,total,2027-03-14,2027-W10,10,2027,139
Belgium,total,2027-03-21,2027-W11,11,2027,138
Belgium,total,2027-03-28,2027-W12,12,2027,107
Belgium,total,2027-04-04,2027-W13,13,2027,85
Belgium,total,2027-04-11,2027-W14,14,2027,66
Belgium,total,2027-04-18,2027-W15,15,2027,80
Belgium,total,2027-04-25,2027-W16,16,2027,53
Belgium,total,2027-05-02,2027-W17,17,2027,49
Belgium,total,2027-05-09,2027-W18,18,2027,46
Belgium,total,2027-05-16,2027-W19,19,2027,40
Belgium,total,2027-05-23,2027-W20,20,2027,44
Belgium,total,2027-05-30,2027-W21,21,2027,27
Belgium,total,2027-06-06,2027-W22,22,2027,25
Belgium,total,2027-06-13,2027-W23,23,2027,20
Belgium,total,2027-06-20,2027-W24,24,2027,20
Belgium,total,2027-06-27,2027-W25,25,2027,18
Belgium,total,2027-07-04,2027-W26,26,2027,11
Belgium,total,2027-07-11,2027-W27,27,2027,21
Belgium,total,2027-07-18,2027-W28,28,2027,16
Belgium,total,2027-07-25,2027-W29,29,2027,12
Belgium,total,2027-08-01,2027-W30,30,2027,14
Belgium,total,2027-08-08,2027-W31,31,2027,28
Belgium,total,2027-08-15,2027-W32,32,2027,18
Belgium,total,2027-08-22,2027-W33,33,2027,15
Belgium,total,2027-08-29,2027-W34,34,2027,16
Bulgaria,total,2026-09-06,2026-W36,36,2026,3
Bulgaria,total,2026-09-13,2026-W37,37,2026,7
Bulgaria,total,2026-09-20,2026-W38,38,2026,14
Bulgaria,total,2026-09-27,2026-W39,39,2026,25
Bulgaria,total,2026-10-04,2026-W40,40,2026,30
Bulgaria,total,2026-10-11,2026-W41,41,2026,67
Bulgaria,total,2026-10-18,2026-W42,42,2026,63
Bulgaria,total,2026-10-25,2026-W43,43,2026,96
Bulgaria,total,2026-11-01,2026-W44,44,2026,137
Bulgaria,total,2026-11-08,2026-W45,45,2026,216
Bulgaria,total,2026-11-15,2026-W46,46,2026,279
Bulgaria,total,2026-11-22,2026-W47,47,2026,357
Bulgaria,total,2026-11-29,2026-W48,48,2026,385
Bulgaria,total,2026-12-06,2026-W49,49,2026,410
Bulgaria,total,2026-12-13,2026-W50,50,2026,411
Bulgaria,total,2026-12-20,2026-W51,51,2026,355
Bulgaria,total,2026-12-27,2026-W52,52,2026,350
Bulgaria,total,2027-01-03,2026-W53,53,2026,310
Bulgaria,total,2027-01-10,2027-W01,1,2027,298
Bulgaria,total,2027-01-17,2027-W02,2,2027,257
Bulgaria,total,2027-01-24,2027-W03,3,2027,192
Bulgaria,total,2027-01-31,2027-W04,4,2027,185
Bulgaria,total,2027-02-07,2027-W05,5,2027,140
Bulgaria,total,2027-02-14,2027-W06,6,2027,114
Bulgaria,total,2027-02-21,2027-W07,7,2027,124
Bulgaria,total,2027-02-28,2027-W08,8,2027,107
Bulgaria,total,2027-03-07,2027-W09,9,2027,87
Bulgaria,total,2027-03-14,2027-W10,10,2027,52
Bulgaria,total,2027-03-21,2027-W11,11,2027,63
Bulgaria,total,2027-03-28,2027-W12,12,2027,60
Bulgaria,total,2027-04-04,2027-W13,13,2027,56
Bulgaria,total,2027-04-11,2027-W14,14,2027,55
Bulgaria,total,2027-04-18,2027-W15,15,2027,43
Bulgaria,total,2027-04-25,2027-W16,16,2027,32
Bulgaria,total,2027-05-02,2027-W17,17,2027,31
Bulgaria,total,2027-05-09,2027-W18,18,2027,38
Bulgaria,total,2027-05-16,2027-W19,19,2027,24
Bulgaria,total,2027-05-23,2027-W20,20,2027,14
Bulgaria,total,2027-05-30,2027-W21,21,2027,9
Bulgaria,total,2027-06-06,2027-W22,22,2027,16
Bulgaria,total,2027-06-13,2027-W23,23,2027,13
Bulgaria,total,2027-06-20,2027-W24,24,2027,14
Bulgaria,total,2027-06-27,2027-W25,25,2027,7
Bulgaria,total,2027-07-04,2027-W26,26,2027,9
Bulgaria,total,2027-07-11,2027-W27,27,2027,13
Bulgaria,total,2027-07-18,2027-W28,28,2027,6
Bulgaria,total,2027-07-25,2027-W29,29,2027,12
Bulgaria,total,2027-08-01,2027-W30,30,2027,7
Bulgaria,total,2027-08-08,2027-W31,31,2027,4
Bulgaria,total,2027-08-15,2027-W32,32,2027,12
Bulgaria,total,2027-08-22,2027-W33,33,2027,7
Bulgaria,total,2027-08-29,2027-W34,34,2027,5
Croatia,total,2026-09-06,2026-W36,36,2026,6
Croatia,total,2026-09-13,2026-W37,37,2026,4
Croatia,total,2026-09-20,2026-W38,38,2026,9
Croatia,total,2026-09-27,2026-W39,39,2026,9
Croatia,total,2026-10-04,2026-W40,40,2026,11
Croatia,total,2026-10-11,2026-W41,41,2026,22
Croatia,total,2026-10-18,2026-W42,42,2026,32
Croatia,total,2026-10-25,2026-W43,43,2026,80
Croatia,total,2026-11-01,2026-W44,44,2026,92
Croatia,total,2026-11-08,2026-W45,45,2026,114
Croatia,total,2026-11-15,2026-W46,46,2026,151
Croatia,total,2026-11-22,2026-W47,47,2026,183
Croatia,total,2026-11-29,2026-W48,48,2026,192
Croatia,total,2026-12-06,2026-W49,49,2026,228
Croatia,total,2026-12-13,2026-W50,50,2026,237
Croatia,total,2026-12-20,2026-W51,51,2026,199
Croatia,total,2026-12-27,2026-W52,52,2026,197
Croatia,total,2027-01-03,2026-W53,53,2026,172
Croatia,total,2027-01-10,2027-W01,1,2027,186
Croatia,total,2027-01-17,2027-W02,2,2027,126
Croatia,total,2027-01-24,2027-W03,3,2027,94
Croatia,total,2027-01-31,2027-W04,4,2027,102
Croatia,total,2027-02-07,2027-W05,5,2027,72
Croatia,total,2027-02-14,2027-W06,6,2027,65
Croatia,total,2027-02-21,2027-W07,7,2027,61
Croatia,total,2027-02-28,2027-W08,8,2027,53
Croatia,total,2027-03-07,2027-W09,9,2027,50
Croatia,total,2027-03-14,2027-W10,10,2027,32
Croatia,total,2027-03-21,2027-W11,11,2027,42
Croatia,total,2027-03-28,2027-W12,12,2027,30
Croatia,total,2027-04-04,2027-W13,13,2027,32
Croatia,total,2027-04-11,2027-W14,14,2027,25
Croatia,total,2027-04-18,2027-W15,15,2027,23
Croatia,total,2027-04-25,2027-W16,16,2027,10
Croatia,total,2027-05-02,2027-W17,17,2027,18
Croatia,total,2027-05-09,2027-W18,18,2027,10
Croatia,total,2027-05-16,2027-W19,19,2027,14
Croatia,total,2027-05-23,2027-W20,20,2027,12
Croatia,total,2027-05-30,2027-W21,21,2027,7
Croatia,total,2027-06-06,2027-W22,22,2027,2
Croatia,total,2027-06-13,2027-W23,23,2027,7
Croatia,total,2027-06-20,2027-W24,24,2027,3
Croatia,total,2027-06-27,2027-W25,25,2027,7
Croatia,total,2027-07-04,2027-W26,26,2027,6
Croatia,total,2027-07-11,2027-W27,27,2027,8
Croatia,total,2027-07-18,2027-W28,28,2027,7
Croatia,total,2027-07-25,2027-W29,29,2027,3
Croatia,total,2027-08-01,2027-W30,30,2027,4
Croatia,total,2027-08-08,2027-W31,31,2027,6
Croatia,total,2027-08-15,2027-W32,32,2027,4
Croatia,total,2027-08-22,2027-W33,33,2027,4
Croatia,total,2027-08-29,2027-W34,34,2027,7
Cyprus,total,2026-09-06,2026-W36,36,2026,3
Cyprus,total,2026-09-13,2026-W37,37,2026,1
Cyprus,total,2026-09-20,2026-W38,38,2026,1
Cyprus,total,2026-09-27,2026-W39,39,2026,2
Cyprus,total,2026-10-04,2026-W40,40,2026,5
Cyprus,total,2026-10-11,2026-W41,41,2026,9
Cyprus,total,2026-10-18,2026-W42,42,2026,9
Cyprus,total,2026-10-25,2026-W43,43,2026,18
Cyprus,total,2026-11-01,2026-W44,44,2026,25
Cyprus,total,2026-11-08,2026-W45,45,2026,23
Cyprus,total,2026-11-15,2026-W46,46,2026,46
Cyprus,total,2026-11-22,2026-W47,47,2026,48
Cyprus,total,2026-11-29,2026-W48,48,2026,58
Cyprus,total,2026-12-06,2026-W49,49,2026,51
Cyprus,total,2026-12-13,2026-W50,50,2026,69
Cyprus,total,2026-12-20,2026-W51,51,2026,61
Cyprus,total,2026-12-27,2026-W52,52,2026,55
Cyprus,total,2027-01-03,2026-W53,53,2026,60
Cyprus,total,2027-01-10,2027-W01,1,2027,44
Cyprus,total,2027-01-17,2027-W02,2,2027,41
Cyprus,total,2027-01-24,2027-W03,3,2027,26
Cyprus,total,2027-01-31,2027-W04,4,2027,23
Cyprus,total,2027-02-07,2027-W05,5,2027,27
Cyprus,total,2027-02-14,2027-W06,6,2027,19
Cyprus,total,2027-02-21,2027-W07,7,2027,10
Cyprus,total,2027-02-28,2027-W08,8,2027,22
Cyprus,total,2027-03-07,2027-W09,9,2027,15
Cyprus,total,2027-03-14,2027-W10,10,2027,17
Cyprus,total,2027-03-21,2027-W11,11,2027,13
Cyprus,total,2027-03-28,2027-W12,12,2027,12
Cyprus,total,2027-04-04,2027-W13,13,2027,2
Cyprus,total,2027-04-11,2027-W14,14,2027,7
Cyprus,total,2027-04-18,2027-W15,15,2027,8
Cyprus,total,2027-04-25,2027-W16,16,2027,1
Cyprus,total,2027-05-02,2027-W17,17,2027,2
Cyprus,total,2027-05-09,2027-W18,18,2027,3
Cyprus,total,2027-05-16,2027-W19,19,2027,2
Cyprus,total,2027-05-23,2027-W20,20,2027,2
Cyprus,total,2027-05-30,2027-W21,21,2027,1
Cyprus,total,2027-06-06,2027-W22,22,2027,2
Cyprus,total,2027-06-13,2027-W23,23,2027,2
Cyprus,total,2027-06-20,2027-W24,24,2027,4
Cyprus,total,2027-06-27,2027-W25,25,2027,0
Cyprus,total,2027-07-04,2027-W26,26,2027,4
Cyprus,total,2027-07-11,2027-W27,27,2027,0
Cyprus,total,2027-07-18,2027-W28,28,2027,0
Cyprus,total,2027-07-25,2027-W29,29,2027,0
Cyprus,total,2027-08-01,2027-W30,30,2027,3
Cyprus,total,2027-08-08,2027-W31,31,2027,1
Cyprus,total,2027-08-15,2027-W32,32,2027,2
Cyprus,total,2027-08-22,2027-W33,33,2027,2
Cyprus,total,2027-08-29,2027-W34,34,2027,2
Czech Republic,total,2026-09-06,2026-W36,36,2026,9
Czech Republic,total,2026-09-13,2026-W37,37,2026,14
Czech Republic,total,2026-09-20,2026-W38,38,2026,23
Czech Republic,total,2026-09-27,2026-W39,39,2026,33
Czech Republic,total,2026-10-04,2026-W40,40,2026,41
Czech Republic,total,2026-10-11,2026-W41,41,2026,66
Czech Republic,total,2026-10-18,2026-W42,42,2026,107
Czech Republic,total,2026-10-25,2026-W43,43,2026,166
Czech Republic,total,2026-11-01,2026-W44,44,2026,196
Czech Republic,total,2026-11-08,2026-W45,45,2026,309
Czech Republic,total,2026-11-15,2026-W46,46,2026,422
Czech Republic,total,2026-11-22,2026-W47,47,2026,526
Czech Republic,total,2026-11-29,2026-W48,48,2026,597
Czech Republic,total,2026-12-06,2026-W49,49,2026,579
Czech Republic,total,2026-12-13,2026-W50,50,2026,649
Czech Republic,total,2026-12-20,2026-W51,51,2026,625
Czech Republic,total,2026-12-27,2026-W52,52,2026,515
Czech Republic,total,2027-01-03,2026-W53,53,2026,458
Czech Republic,total,2027-01-10,2027-W01,1,2027,440
Czech Republic,total,2027-01-17,2027-W02,2,2027,334
Czech Republic,total,2027-01-24,2027-W03,3,2027,260
Czech Republic,total,2027-01-31,2027-W04,4,2027,261
Czech Republic,total,2027-02-07,2027-W05,5,2027,219
Czech Republic,total,2027-02-14,2027-W06,6,2027,180
Czech Republic,total,2027-02-21,2027-W07,7,2027,181
Czech Republic,total,2027-02-28,2027-W08,8,2027,161
Czech Republic,total,2027-03-07,2027-W09,9,2027,112
Czech Republic,total,2027-03-14,2027-W10,10,2027,125
Czech Republic,total,2027-03-21,2027-W11,11,2027,111
Czech Republic,total,2027-03-28,2027-W12,12,2027,77
Czech Republic,total,2027-04-04,2027-W13,13,2027,78
Czech Republic,total,2027-04-11,2027-W14,14,2027,56
Czech Republic,total,2027-04-18,2027-W15,15,2027,64
Czech Republic,total,2027-04-25,2027-W16,16,2027,57
Czech Republic,total,2027-05-02,2027-W17,17,2027,47
Czech Republic,total,2027-05-09,2027-W18,18,2027,43
Czech Republic,total,2027-05-16,2027-W19,19,2027,32
Czech Republic,total,2027-05-23,2027-W20,20,2027,30
Czech Republic,total,2027-05-30,2027-W21,21,2027,29
Czech Republic,total,2027-06-06,2027-W22,22,2027,16
Czech Republic,total,2027-06-13,2027-W23,23,2027,29
Czech Republic,total,2027-06-20,2027-W24,24,2027,14
Czech Republic,total,2027-06-27,2027-W25,25,2027,12
Czech Republic,total,2027-07-04,2027-W26,26,2027,8
Czech Republic,total,2027-07-11,2027-W27,27,2027,15
Czech Republic,total,2027-07-18,2027-W28,28,2027,8
Czech Republic,total,2027-07-25,2027-W29,29,2027,18
Czech Republic,total,2027-08-01,2027-W30,30,2027,16
Czech Republic,total,2027-08-08,2027-W31,31,2027,7
Czech Republic,total,2027-08-15,2027-W32,32,2027,7
Czech Republic,total,2027-08-22,2027-W33,33,2027,13
Czech Republic,total,2027-08-29,2027-W34,34,2027,11
Denmark,total,2026-09-06,2026-W36,36,2026,10
Denmark,total,2026-09-13,2026-W37,37,2026,7
Denmark,total,2026-09-20,2026-W38,38,2026,12
Denmark,total,2026-09-27,2026-W39,39,2026,17
Denmark,total,2026-10-04,2026-W40,40,2026,33
Denmark,total,2026-10-11,2026-W41,41,2026,35
Denmark,total,2026-10-18,2026-W42,42,2026,80
Denmark,total,2026-10-25,2026-W43,43,2026,84
Denmark,total,2026-11-01,2026-W44,44,2026,124
Denmark,total,2026-11-08,2026-W45,45,2026,198
Denmark,total,2026-11-15,2026-W46,46,2026,259
Denmark,total,2026-11-22,2026-W47,47,2026,282
Denmark,total,2026-11-29,2026-W48,48,2026,305
Denmark,total,2026-12-06,2026-W49,49,2026,362
Denmark,total,2026-12-13,2026-W50,50,2026,324
Denmark,total,2026-12-20,2026-W51,51,2026,344
Denmark,total,2026-12-27,2026-W52,52,2026,309
Denmark,total,2027-01-03,2026-W53,53,2026,264
Denmark,total,2027-01-10,2027-W01,1,2027,281
Denmark,total,2027-01-17,2027-W02,2,2027,218
Denmark,total,2027-01-24,2027-W03,3,2027,161
Denmark,total,2027-01-31,2027-W04,4,2027,140
Denmark,total,2027-02-07,2027-W05,5,2027,112
Denmark,total,2027-02-14,2027-W06,6,2027,94
Denmark,total,2027-02-21,2027-W07,7,2027,105
Denmark,total,2027-02-28,2027-W08,8,2027,107
Denmark,total,2027-03-07,2027-W09,9,2027,91
Denmark,total,2027-03-14,2027-W10,10,2027,60
Denmark,total,2027-03-21,2027-W11,11,2027,55
Denmark,total,2027-03-28,2027-W12,12,2027,56
Denmark,total,2027-04-04,2027-W13,13,2027,51
Denmark,total,2027-04-11,2027-W14,14,2027,35
Denmark,total,2027-04-18,2027-W15,15,2027,34
Denmark,total,2027-04-25,2027-W16,16,2027,32
Denmark,total,2027-05-02,2027-W17,17,2027,37
Denmark,total,2027-05-09,2027-W18,18,2027,29
Denmark,total,2027-05-16,2027-W19,19,2027,22
Denmark,total,2027-05-23,2027-W20,20,2027,12
Denmark,total,2027-05-30,2027-W21,21,2027,11
Denmark,total,2027-06-06,2027-W22,22,2027,6
Denmark,total,2027-06-13,2027-W23,23,2027,7
Denmark,total,2027-06-20,2027-W24,24,2027,11
Denmark,total,2027-06-27,2027-W25,25,2027,6
Denmark,total,2027-07-04,2027-W26,26,2027,13
Denmark,total,2027-07-11,2027-W27,27,2027,6
Denmark,total,2027-07-18,2027-W28,28,2027,7
Denmark,total,2027-07-25,2027-W29,29,2027,4
Denmark,total,2027-08-01,2027-W30,30,2027,8
Denmark,total,2027-08-08,2027-W31,31,2027,8
Denmark,total,2027-08-15,2027-W32,32,2027,6
Denmark,total,2027-08-22,2027-W33,33,2027,5
Denmark,total,2027-08-29,2027-W34,34,2027,11
Estonia,total,2026-09-06,2026-W36,36,2026,2
Estonia,total,2026-09-13,2026-W37,37,2026,3
Estonia,total,2026-09-20,2026-W38,38,2026,6
Estonia,total,2026-09-27,2026-W39,39,2026,3
Estonia,total,2026-10-04,2026-W40,40,2026,7
Estonia,total,2026-10-11,2026-W41,41,2026,11
Estonia,total,2026-10-18,2026-W42,42,2026,13
Estonia,total,2026-10-25,2026-W43,43,2026,20
Estonia,total,2026-11-01,2026-W44,44,2026,26
Estonia,total,2026-11-08,2026-W45,45,2026,44
Estonia,total,2026-11-15,2026-W46,46,2026,55
Estonia,total,2026-11-22,2026-W47,47,2026,62
Estonia,total,2026-11-29,2026-W48,48,2026,70
Estonia,total,2026-12-06,2026-W49,49,2026,66
Estonia,total,2026-12-13,2026-W50,50,2026,65
Estonia,total,2026-12-20,2026-W51,51,2026,69
Estonia,total,2026-12-27,2026-W52,52,2026,52
Estonia,total,2027-01-03,2026-W53,53,2026,40
Estonia,total,2027-01-10,2027-W01,1,2027,50
Estonia,total,2027-01-17,2027-W02,2,2027,39
Estonia,total,2027-01-24,2027-W03,3,2027,26
Estonia,total,2027-01-31,2027-W04,4,2027,26
Estonia,total,2027-02-07,2027-W05,5,2027,21
Estonia,total,2027-02-14,2027-W06,6,2027,24
Estonia,total,2027-02-21,2027-W07,7,2027,21
Estonia,total,2027-02-28,2027-W08,8,2027,23
Estonia,total,2027-03-07,2027-W09,9,2027,15
Estonia,total,2027-03-14,2027-W10,10,2027,20
Estonia,total,2027-03-21,2027-W11,11,2027,10
Estonia,total,2027-03-28,2027-W12,12,2027,6
Estonia,total,2027-04-04,2027-W13,13,2027,9
Estonia,total,2027-04-11,2027-W14,14,2027,8
Estonia,total,2027-04-18,2027-W15,15,2027,6
Estonia,total,2027-04-25,2027-W16,16,2027,6
Estonia,total,2027-05-02,2027-W17,17,2027,3
Estonia,total,2027-05-09,2027-W18,18,2027,7
Estonia,total,2027-05-16,2027-W19,19,2027,6
Estonia,total,2027-05-23,2027-W20,20,2027,3
Estonia,total,2027-05-30,2027-W21,21,2027,3
Estonia,total,2027-06-06,2027-W22,22,2027,2
Estonia,total,2027-06-13,2027-W23,23,2027,1
Estonia,total,2027-06-20,2027-W24,24,2027,1
Estonia,total,2027-06-27,2027-W25,25,2027,3
Estonia,total,2027-07-04,2027-W26,26,2027,4
Estonia,total,2027-07-11,2027-W27,27,2027,0
Estonia,total,2027-07-18,2027-W28,28,2027,1
Estonia,total,2027-07-25,2027-W29,29,2027,0
Estonia,total,2027-08-01,2027-W30,30,2027,1
Estonia,total,2027-08-08,2027-W31,31,2027,1
Estonia,total,2027-08-15,2027-W32,32,2027,1
Estonia,total,2027-08-22,2027-W33,33,2027,2
Estonia,total,2027-08-29,2027-W34,34,2027,0
Finland,total,2026-09-06,2026-W36,36,2026,6
Finland,total,2026-09-13,2026-W37,37,2026,2
Finland,total,2026-09-20,2026-W38,38,2026,12
Finland,total,2026-09-27,2026-W39,39,2026,15
Finland,total,2026-10-04,2026-W40,40,2026,21
Finland,total,2026-10-11,2026-W41,41,2026,31
Finland,total,2026-10-18,2026-W42,42,2026,53
Finland,total,2026-10-25,2026-W43,43,2026,64
Finland,total,2026-11-01,2026-W44,44,2026,92
Finland,total,2026-11-08,2026-W45,45,2026,111
Finland,total,2026-11-15,2026-W46,46,2026,150
Finland,total,2026-11-22,2026-W47,47,2026,178
Finland,total,2026-11-29,2026-W48,48,2026,191
Finland,total,2026-12-06,2026-W49,49,2026,222
Finland,total,2026-12-13,2026-W50,50,2026,235
Finland,total,2026-12-20,2026-W51,51,2026,227
Finland,total,2026-12-27,2026-W52,52,2026,205
Finland,total,2027-01-03,2026-W53,53,2026,188
Finland,total,2027-01-10,2027-W01,1,2027,148
Finland,total,2027-01-17,2027-W02,2,2027,145
Finland,total,2027-01-24,2027-W03,3,2027,111
Finland,total,2027-01-31,2027-W04,4,2027,84
Finland,total,2027-02-07,2027-W05,5,2027,103
Finland,total,2027-02-14,2027-W06,6,2027,69
Finland,total,2027-02-21,2027-W07,7,2027,73
Finland,total,2027-02-28,2027-W08,8,2027,75
Finland,total,2027-03-07,2027-W09,9,2027,50
Finland,total,2027-03-14,2027-W10,10,2027,40
Finland,total,2027-03-21,2027-W11,11,2027,38
Finland,total,2027-03-28,2027-W12,12,2027,30
Finland,total,2027-04-04,2027-W13,13,2027,21
Finland,total,2027-04-11,2027-W14,14,2027,27
Finland,total,2027-04-18,2027-W15,15,2027,29
Finland,total,2027-04-25,2027-W16,16,2027,25
Finland,total,2027-05-02,2027-W17,17,2027,13
Finland,total,2027-05-09,2027-W18,18,2027,16
Finland,total,2027-05-16,2027-W19,19,2027,17
Finland,total,2027-05-23,2027-W20,20,2027,8
Finland,total,2027-05-30,2027-W21,21,2027,8
Finland,total,2027-06-06,2027-W22,22,2027,6
Finland,total,2027-06-13,2027-W23,23,2027,6
Finland,total,2027-06-20,2027-W24,24,2027,3
Finland,total,2027-06-27,2027-W25,25,2027,6
Finland,total,2027-07-04,2027-W26,26,2027,9
Finland,total,2027-07-11,2027-W27,27,2027,3
Finland,total,2027-07-18,2027-W28,28,2027,5
Finland,total,2027-07-25,2027-W29,29,2027,5
Finland,total,2027-08-01,2027-W30,30,2027,5
Finland,total,2027-08-08,2027-W31,31,2027,4
Finland,total,2027-08-15,2027-W32,32,2027,3
Finland,total,2027-08-22,2027-W33,33,2027,5
Finland,total,2027-08-29,2027-W34,34,2027,6
France,total,2026-09-06,2026-W36,36,2026,109
France,total,2026-09-13,2026-W37,37,2026,131
France,total,2026-09-20,2026-W38,38,2026,172
France,total,2026-09-27,2026-W39,39,2026,252
France,total,2026-10-04,2026-W40,40,2026,380
France,total,2026-10-11,2026-W41,41,2026,582
France,total,2026-10-18,2026-W42,42,2026,843
France,total,2026-10-25,2026-W43,43,2026,1375
France,total,2026-11-01,2026-W44,44,2026,1804
France,total,2026-11-08,2026-W45,45,2026,2517
France,total,2026-11-15,2026-W46,46,2026,3205
France,total,2026-11-22,2026-W47,47,2026,3924
France,total,2026-11-29,2026-W48,48,2026,4527
France,total,2026-12-06,2026-W49,49,2026,4613
France,total,2026-12-13,2026-W50,50,2026,4850
France,total,2026-12-20,2026-W51,51,2026,4388
France,total,2026-12-27,2026-W52,52,2026,3950
France,total,2027-01-03,2026-W53,53,2026,3743
France,total,2027-01-10,2027-W01,1,2027,3518
France,total,2027-01-17,2027-W02,2,2027,2742
France,total,2027-01-24,2027-W03,3,2027,2103
France,total,2027-01-31,2027-W04,4,2027,1876
France,total,2027-02-07,2027-W05,5,2027,1629
France,total,2027-02-14,2027-W06,6,2027,1467
France,total,2027-02-21,2027-W07,7,2027,1313
France,total,2027-02-28,2027-W08,8,2027,1226
France,total,2027-03-07,2027-W09,9,2027,1091
France,total,2027-03-14,2027-W10,10,2027,852
France,total,2027-03-21,2027-W11,11,2027,771
France,total,2027-03-28,2027-W12,12,2027,702
France,total,2027-04-04,2027-W13,13,2027,632
France,total,2027-04-11,2027-W14,14,2027,536
France,total,2027-04-18,2027-W15,15,2027,385
France,total,2027-04-25,2027-W16,16,2027,384
France,total,2027-05-02,2027-W17,17,2027,311
France,total,2027-05-09,2027-W18,18,2027,347
France,total,2027-05-16,2027-W19,19,2027,252
France,total,2027-05-23,2027-W20,20,2027,224
France,total,2027-05-30,2027-W21,21,2027,188
France,total,2027-06-06,2027-W22,22,2027,149
France,total,2027-06-13,2027-W23,23,2027,148
France,total,2027-06-20,2027-W24,24,2027,128
France,total,2027-06-27,2027-W25,25,2027,104
France,total,2027-07-04,2027-W26,26,2027,107
France,total,2027-07-11,2027-W27,27,2027,107
France,total,2027-07-18,2027-W28,28,2027,98
France,total,2027-07-25,2027-W29,29,2027,103
France,total,2027-08-01,2027-W30,30,2027,100
France,total,2027-08-08,2027-W31,31,2027,117
France,total,2027-08-15,2027-W32,32,2027,94
France,total,2027-08-22,2027-W33,33,2027,96
France,total,2027-08-29,2027-W34,34,2027,80
Germany,total,2026-09-06,2026-W36,36,2026,114
Germany,total,2026-09-13,2026-W37,37,2026,110
Germany,total,2026-09-20,2026-W38,38,2026,155
Germany,total,2026-09-27,2026-W39,39,2026,244
Germany,total,2026-10-04,2026-W40,40,2026,358
Germany,total,2026-10-11,2026-W41,41,2026,565
Germany,total,2026-10-18,2026-W42,42,2026,823
Germany,total,2026-10-25,2026-W43,43,2026,1300
Germany,total,2026-11-01,2026-W44,44,2026,1797
Germany,total,2026-11-08,2026-W45,45,2026,2451
Germany,total,2026-11-15,2026-W46,46,2026,3175
Germany,total,2026-11-22,2026-W47,47,2026,3691
Germany,total,2026-11-29,2026-W48,48,2026,4448
Germany,total,2026-12-06,2026-W49,49,2026,4524
Germany,total,2026-12-13,2026-W50,50,2026,4618
Germany,total,2026-12-20,2026-W51,51,2026,4319
Germany,total,2026-12-27,2026-W52,52,2026,3872
Germany,total,2027-01-03,2026-W53,53,2026,3665
Germany,total,2027-01-10,2027-W01,1,2027,3465
Germany,total,2027-01-17,2027-W02,2,2027,2584
Germany,total,2027-01-24,2027-W03,3,2027,2024
Germany,total,2027-01-31,2027-W04,4,2027,1855
Germany,total,2027-02-07,2027-W05,5,2027,1649
Germany,total,2027-02-14,2027-W06,6,2027,1454
Germany,total,2027-02-21,2027-W07,7,2027,1292
Germany,total,2027-02-28,2027-W08,8,2027,1172
Germany,total,2027-03-07,2027-W09,9,2027,997
Germany,total,2027-03-14,2027-W10,10,2027,850
Germany,total,2027-03-21,2027-W11,11,2027,753
Germany,total,2027-03-28,2027-W12,12,2027,661
Germany,total,2027-04-04,2027-W13,13,2027,617
Germany,total,2027-04-11,2027-W14,14,2027,466
Germany,total,2027-04-18,2027-W15,15,2027,391
Germany,total,2027-04-25,2027-W16,16,2027,386
Germany,total,2027-05-02,2027-W17,17,2027,293
Germany,total,2027-05-09,2027-W18,18,2027,287
Germany,total,2027-05-16,2027-W19,19,2027,205
Germany,total,2027-05-23,2027-W20,20,2027,223
Germany,total,2027-05-30,2027-W21,21,2027,174
Germany,total,2027-06-06,2027-W22,22,2027,146
Germany,total,2027-06-13,2027-W23,23,2027,122
Germany,total,2027-06-20,2027-W24,24,2027,121
Germany,total,2027-06-27,2027-W25,25,2027,110
Germany,total,2027-07-04,2027-W26,26,2027,103
Germany,total,2027-07-11,2027-W27,27,2027,88
Germany,total,2027-07-18,2027-W28,28,2027,120
Germany,total,2027-07-25,2027-W29,29,2027,97
Germany,total,2027-08-01,2027-W30,30,2027,92
Germany,total,2027-08-08,2027-W31,31,2027,101
Germany,total,2027-08-15,2027-W32,32,2027,93
Germany,total,2027-08-22,2027-W33,33,2027,96
Germany,total,2027-08-29,2027-W34,34,2027,85
Greece,total,2026-09-06,2026-W36,36,2026,18
Greece,total,2026-09-13,2026-W37,37,2026,17
Greece,total,2026-09-20,2026-W38,38,2026,26
Greece,total,2026-09-27,2026-W39,39,2026,31
Greece,total,2026-10-04,2026-W40,40,2026,38
Greece,total,2026-10-11,2026-W41,41,2026,65
Greece,total,2026-10-18,2026-W42,42,2026,92
Greece,total,2026-10-25,2026-W43,43,2026,162
Greece,total,2026-11-01,2026-W44,44,2026,224
Greece,total,2026-11-08,2026-W45,45,2026,311
Greece,total,2026-11-15,2026-W46,46,2026,382
Greece,total,2026-11-22,2026-W47,47,2026,471
Greece,total,2026-11-29,2026-W48,48,2026,579
Greece,total,2026-12-06,2026-W49,49,2026,582
Greece,total,2026-12-13,2026-W50,50,2026,589
Greece,total,2026-12-20,2026-W51,51,2026,528
Greece,total,2026-12-27,2026-W52,52,2026,509
Greece,total,2027-01-03,2026-W53,53,2026,523
Greece,total,2027-01-10,2027-W01,1,2027,432
Greece,total,2027-01-17,2027-W02,2,2027,344
Greece,total,2027-01-24,2027-W03,3,2027,277
Greece,total,2027-01-31,2027-W04,4,2027,217
Greece,total,2027-02-07,2027-W05,5,2027,196
Greece,total,2027-02-14,2027-W06,6,2027,166
Greece,total,2027-02-21,2027-W07,7,2027,156
Greece,total,2027-02-28,2027-W08,8,2027,140
Greece,total,2027-03-07,2027-W09,9,2027,115
Greece,total,2027-03-14,2027-W10,10,2027,109
Greece,total,2027-03-21,2027-W11,11,2027,106
Greece,total,2027-03-28,2027-W12,12,2027,84
Greece,total,2027-04-04,2027-W13,13,2027,63
Greece,total,2027-04-11,2027-W14,14,2027,62
Greece,total,2027-04-18,2027-W15,15,2027,52
Greece,total,2027-04-25,2027-W16,16,2027,45
Greece,total,2027-05-02,2027-W17,17,2027,40
Greece,total,2027-05-09,2027-W18,18,2027,39
Greece,total,2027-05-16,2027-W19,19,2027,27
Greece,total,2027-05-23,2027-W20,20,2027,19
Greece,total,2027-05-30,2027-W21,21,2027,15
Greece,total,2027-06-06,2027-W22,22,2027,25
Greece,total,2027-06-13,2027-W23,23,2027,20
Greece,total,2027-06-20,2027-W24,24,2027,19
Greece,total,2027-06-27,2027-W25,25,2027,15
Greece,total,2027-07-04,2027-W26,26,2027,10
Greece,total,2027-07-11,2027-W27,27,2027,15
Greece,total,2027-07-18,2027-W28,28,2027,10
Greece,total,2027-07-25,2027-W29,29,2027,9
Greece,total,2027-08-01,2027-W30,30,2027,17
Greece,total,2027-08-08,2027-W31,31,2027,15
Greece,total,2027-08-15,2027-W32,32,2027,11
Greece,total,2027-08-22,2027-W33,33,2027,9
Greece,total,2027-08-29,2027-W34,34,2027,21
Hungary,total,2026-09-06,2026-W36,36,2026,8
Hungary,total,2026-09-13,2026-W37,37,2026,19
Hungary,total,2026-09-20,2026-W38,38,2026,20
Hungary,total,2026-09-27,2026-W39,39,2026,28
Hungary,total,2026-10-04,2026-W40,40,2026,35
Hungary,total,2026-10-11,2026-W41,41,2026,72
Hungary,total,2026-10-18,2026-W42,42,2026,94
Hungary,total,2026-10-25,2026-W43,43,2026,148
Hungary,total,2026-11-01,2026-W44,44,2026,228
Hungary,total,2026-11-08,2026-W45,45,2026,274
Hungary,total,2026-11-15,2026-W46,46,2026,351
Hungary,total,2026-11-22,2026-W47,47,2026,439
Hungary,total,2026-11-29,2026-W48,48,2026,547
Hungary,total,2026-12-06,2026-W49,49,2026,552
Hungary,total,2026-12-13,2026-W50,50,2026,565
Hungary,total,2026-12-20,2026-W51,51,2026,492
Hungary,total,2026-12-27,2026-W52,52,2026,441
Hungary,total,2027-01-03,2026-W53,53,2026,463
Hungary,total,2027-01-10,2027-W01,1,2027,392
Hungary,total,2027-01-17,2027-W02,2,2027,304
Hungary,total,2027-01-24,2027-W03,3,2027,229
Hungary,total,2027-01-31,2027-W04,4,2027,231
Hungary,total,2027-02-07,2027-W05,5,2027,194
Hungary,total,2027-02-14,2027-W06,6,2027,165
Hungary,total,2027-02-21,2027-W07,7,2027,135
Hungary,total,2027-02-28,2027-W08,8,2027,148
Hungary,total,2027-03-07,2027-W09,9,2027,123
Hungary,total,2027-03-14,2027-W10,10,2027,98
Hungary,total,2027-03-21,2027-W11,11,2027,75
Hungary,total,2027-03-28,2027-W12,12,2027,81
Hungary,total,2027-04-04,2027-W13,13,2027,78
Hungary,total,2027-04-11,2027-W14,14,2027,51
Hungary,total,2027-04-18,2027-W15,15,2027,45
Hungary,total,2027-04-25,2027-W16,16,2027,51
Hungary,total,2027-05-02,2027-W17,17,2027,45
Hungary,total,2027-05-09,2027-W18,18,2027,38
Hungary,total,2027-05-16,2027-W19,19,2027,24
Hungary,total,2027-05-23,2027-W20,20,2027,29
Hungary,total,2027-05-30,2027-W21,21,2027,18
Hungary,total,2027-06-06,2027-W22,22,2027,11
Hungary,total,2027-06-13,2027-W23,23,2027,20
Hungary,total,2027-06-20,2027-W24,24,2027,12
Hungary,total,2027-06-27,2027-W25,25,2027,10
Hungary,total,2027-07-04,2027-W26,26,2027,15
Hungary,total,2027-07-11,2027-W27,27,2027,15
Hungary,total,2027-07-18,2027-W28,28,2027,13
Hungary,total,2027-07-25,2027-W29,29,2027,11
Hungary,total,2027-08-01,2027-W30,30,2027,19
Hungary,total,2027-08-08,2027-W31,31,2027,11
Hungary,total,2027-08-15,2027-W32,32,2027,7
Hungary,total,2027-08-22,2027-W33,33,2027,12
Hungary,total,2027-08-29,2027-W34,34,2027,8
Ireland,total,2026-09-06,2026-W36,36,2026,10
Ireland,total,2026-09-13,2026-W37,37,2026,6
Ireland,total,2026-09-20,2026-W38,38,2026,10
Ireland,total,2026-09-27,2026-W39,39,2026,16
Ireland,total,2026-10-04,2026-W40,40,2026,26
Ireland,total,2026-10-11,2026-W41,41,2026,44
Ireland,total,2026-10-18,2026-W42,42,2026,64
Ireland,total,2026-10-25,2026-W43,43,2026,98
Ireland,total,2026-11-01,2026-W44,44,2026,165
Ireland,total,2026-11-08,2026-W45,45,2026,203
Ireland,total,2026-11-15,2026-W46,46,2026,264
Ireland,total,2026-11-22,2026-W47,47,2026,310
Ireland,total,2026-11-29,2026-W48,48,2026,365
Ireland,total,2026-12-06,2026-W49,49,2026,391
Ireland,total,2026-12-13,2026-W50,50,2026,359
Ireland,total,2026-12-20,2026-W51,51,2026,357
Ireland,total,2026-12-27,2026-W52,52,2026,334
Ireland,total,2027-01-03,2026-W53,53,2026,322
Ireland,total,2027-01-10,2027-W01,1,2027,260
Ireland,total,2027-01-17,2027-W02,2,2027,216
Ireland,total,2027-01-24,2027-W03,3,2027,170
Ireland,total,2027-01-31,2027-W04,4,2027,162
Ireland,total,2027-02-07,2027-W05,5,2027,151
Ireland,total,2027-02-14,2027-W06,6,2027,117
Ireland,total,2027-02-21,2027-W07,7,2027,90
Ireland,total,2027-02-28,2027-W08,8,2027,106
Ireland,total,2027-03-07,2027-W09,9,2027,100
Ireland,total,2027-03-14,2027-W10,10,2027,66
Ireland,total,2027-03-21,2027-W11,11,2027,71
Ireland,total,2027-03-28,2027-W12,12,2027,44
Ireland,total,2027-04-04,2027-W13,13,2027,46
Ireland,total,2027-04-11,2027-W14,14,2027,34
Ireland,total,2027-04-18,2027-W15,15,2027,40
Ireland,total,2027-04-25,2027-W16,16,2027,34
Ireland,total,2027-05-02,2027-W17,17,2027,23
Ireland,total,2027-05-09,2027-W18,18,2027,18
Ireland,total,2027-05-16,2027-W19,19,2027,18
Ireland,total,2027-05-23,2027-W20,20,2027,10
Ireland,total,2027-05-30,2027-W21,21,2027,19
Ireland,total,2027-06-06,2027-W22,22,2027,8
Ireland,total,2027-06-13,2027-W23,23,2027,17
Ireland,total,2027-06-20,2027-W24,24,2027,7
Ireland,total,2027-06-27,2027-W25,25,2027,7
Ireland,total,2027-07-04,2027-W26,26,2027,17
Ireland,total,2027-07-11,2027-W27,27,2027,12
Ireland,total,2027-07-18,2027-W28,28,2027,12
Ireland,total,2027-07-25,2027-W29,29,2027,10
Ireland,total,2027-08-01,2027-W30,30,2027,9
Ireland,total,2027-08-08,2027-W31,31,2027,6
Ireland,total,2027-08-15,2027-W32,32,2027,6
Ireland,total,2027-08-22,2027-W33,33,2027,7
Ireland,total,2027-08-29,2027-W34,34,2027,8
Italy,total,2026-09-06,2026-W36,36,2026,73
Italy,total,2026-09-13,2026-W37,37,2026,82
Italy,total,2026-09-20,2026-W38,38,2026,100
Italy,total,2026-09-27,2026-W39,39,2026,143
Italy,total,2026-10-04,2026-W40,40,2026,207
Italy,total,2026-10-11,2026-W41,41,2026,392
Italy,total,2026-10-18,2026-W42,42,2026,571
Italy,total,2026-10-25,2026-W43,43,2026,916
Italy,total,2026-11-01,2026-W44,44,2026,1171
Italy,total,2026-11-08,2026-W45,45,2026,1627
Italy,total,2026-11-15,2026-W46,46,2026,2105
Italy,total,2026-11-22,2026-W47,47,2026,2418
Italy,total,2026-11-29,2026-W48,48,2026,2875
Italy,total,2026-12-06,2026-W49,49,2026,2955
Italy,total,2026-12-13,2026-W50,50,2026,3152
Italy,total,2026-12-20,2026-W51,51,2026,2912
Italy,total,2026-12-27,2026-W52,52,2026,2557
Italy,total,2027-01-03,2026-W53,53,2026,2406
Italy,total,2027-01-10,2027-W01,1,2027,2259
Italy,total,2027-01-17,2027-W02,2,2027,1811
Italy,total,2027-01-24,2027-W03,3,2027,1333
Italy,total,2027-01-31,2027-W04,4,2027,1224
Italy,total,2027-02-07,2027-W05,5,2027,1042
Italy,total,2027-02-14,2027-W06,6,2027,964
Italy,total,2027-02-21,2027-W07,7,2027,793
Italy,total,2027-02-28,2027-W08,8,2027,822
Italy,total,2027-03-07,2027-W09,9,2027,648
Italy,total,2027-03-14,2027-W10,10,2027,581
Italy,total,2027-03-21,2027-W11,11,2027,507
Italy,total,2027-03-28,2027-W12,12,2027,431
Italy,total,2027-04-04,2027-W13,13,2027,369
Italy,total,2027-04-11,2027-W14,14,2027,335
Italy,total,2027-04-18,2027-W15,15,2027,249
Italy,total,2027-04-25,2027-W16,16,2027,255
Italy,total,2027-05-02,2027-W17,17,2027,200
Italy,total,2027-05-09,2027-W18,18,2027,203
Italy,total,2027-05-16,2027-W19,19,2027,159
Italy,total,2027-05-23,2027-W20,20,2027,140
Italy,total,2027-05-30,2027-W21,21,2027,113
Italy,total,2027-06-06,2027-W22,22,2027,89
Italy,total,2027-06-13,2027-W23,23,2027,99
Italy,total,2027-06-20,2027-W24,24,2027,71
Italy,total,2027-06-27,2027-W25,25,2027,63
Italy,total,2027-07-04,2027-W26,26,2027,76
Italy,total,2027-07-11,2027-W27,27,2027,64
Italy,total,2027-07-18,2027-W28,28,2027,63
Italy,total,2027-07-25,2027-W29,29,2027,67
Italy,total,2027-08-01,2027-W30,30,2027,65
Italy,total,2027-08-08,2027-W31,31,2027,67
Italy,total,2027-08-15,2027-W32,32,2027,55
Italy,total,2027-08-22,2027-W33,33,2027,62
Italy,total,2027-08-29,2027-W34,34,2027,56
Latvia,total,2026-09-06,2026-W36,36,2026,4
Latvia,total,2026-09-13,2026-W37,37,2026,3
Latvia,total,2026-09-20,2026-W38,38,2026,3
Latvia,total,2026-09-27,2026-W39,39,2026,4
Latvia,total,2026-10-04,2026-W40,40,2026,8
Latvia,total,2026-10-11,2026-W41,41,2026,15
Latvia,total,2026-10-18,2026-W42,42,2026,16
Latvia,total,2026-10-25,2026-W43,43,2026,19
Latvia,total,2026-11-01,2026-W44,44,2026,41
Latvia,total,2026-11-08,2026-W45,45,2026,51
Latvia,total,2026-11-15,2026-W46,46,2026,73
Latvia,total,2026-11-22,2026-W47,47,2026,77
Latvia,total,2026-11-29,2026-W48,48,2026,87
Latvia,total,2026-12-06,2026-W49,49,2026,94
Latvia,total,2026-12-13,2026-W50,50,2026,108
Latvia,total,2026-12-20,2026-W51,51,2026,90
Latvia,total,2026-12-27,2026-W52,52,2026,82
Latvia,total,2027-01-03,2026-W53,53,2026,98
Latvia,total,2027-01-10,2027-W01,1,2027,70
Latvia,total,2027-01-17,2027-W02,2,2027,62
Latvia,total,2027-01-24,2027-W03,3,2027,45
Latvia,total,2027-01-31,2027-W04,4,2027,39
Latvia,total,2027-02-07,2027-W05,5,2027,29
Latvia,total,2027-02-14,2027-W06,6,2027,25
Latvia,total,2027-02-21,2027-W07,7,2027,22
Latvia,total,2027-02-28,2027-W08,8,2027,26
Latvia,total,2027-03-07,2027-W09,9,2027,22
Latvia,total,2027-03-14,2027-W10,10,2027,18
Latvia,total,2027-03-21,2027-W11,11,2027,17
Latvia,total,2027-03-28,2027-W12,12,2027,14
Latvia,total,2027-04-04,2027-W13,13,2027,17
Latvia,total,2027-04-11,2027-W14,14,2027,17
Latvia,total,2027-04-18,2027-W15,15,2027,9
Latvia,total,2027-04-25,2027-W16,16,2027,10
Latvia,total,2027-05-02,2027-W17,17,2027,5
Latvia,total,2027-05-09,2027-W18,18,2027,7
Latvia,total,2027-05-16,2027-W19,19,2027,7
Latvia,total,2027-05-23,2027-W20,20,2027,3
Latvia,total,2027-05-30,2027-W21,21,2027,5
Latvia,total,2027-06-06,2027-W22,22,2027,5
Latvia,total,2027-06-13,2027-W23,23,2027,5
Latvia,total,2027-06-20,2027-W24,24,2027,0
Latvia,total,2027-06-27,2027-W25,25,2027,2
Latvia,total,2027-07-04,2027-W26,26,2027,2
Latvia,total,2027-07-11,2027-W27,27,2027,0
Latvia,total,2027-07-18,2027-W28,28,2027,1
Latvia,total,2027-07-25,2027-W29,29,2027,2
Latvia,total,2027-08-01,2027-W30,30,2027,1
Latvia,total,2027-08-08,2027-W31,31,2027,1
Latvia,total,2027-08-15,2027-W32,32,2027,2
Latvia,total,2027-08-22,2027-W33,33,2027,2
Latvia,total,2027-08-29,2027-W34,34,2027,2
Lithuania,total,2026-09-06,2026-W36,36,2026,3
Lithuania,total,2026-09-13,2026-W37,37,2026,3
Lithuania,total,2026-09-20,2026-W38,38,2026,2
Lithuania,total,2026-09-27,2026-W39,39,2026,7
Lithuania,total,2026-10-04,2026-W40,40,2026,16
Lithuania,total,2026-10-11,2026-W41,41,2026,11
Lithuania,total,2026-10-18,2026-W42,42,2026,23
Lithuania,total,2026-10-25,2026-W43,43,2026,39
Lithuania,total,2026-11-01,2026-W44,44,2026,60
Lithuania,total,2026-11-08,2026-W45,45,2026,72
Lithuania,total,2026-11-15,2026-W46,46,2026,101
Lithuania,total,2026-11-22,2026-W47,47,2026,105
Lithuania,total,2026-11-29,2026-W48,48,2026,126
Lithuania,total,2026-12-06,2026-W49,49,2026,148
Lithuania,total,2026-12-13,2026-W50,50,2026,126
Lithuania,total,2026-12-20,2026-W51,51,2026,114
Lithuania,total,2026-12-27,2026-W52,52,2026,130
Lithuania,total,2027-01-03,2026-W53,53,2026,119
Lithuania,total,2027-01-10,2027-W01,1,2027,108
Lithuania,total,2027-01-17,2027-W02,2,2027,84
Lithuania,total,2027-01-24,2027-W03,3,2027,68
Lithuania,total,2027-01-31,2027-W04,4,2027,51
Lithuania,total,2027-02-07,2027-W05,5,2027,51
Lithuania,total,2027-02-14,2027-W06,6,2027,43
Lithuania,total,2027-02-21,2027-W07,7,2027,40
Lithuania,total,2027-02-28,2027-W08,8,2027,33
Lithuania,total,2027-03-07,2027-W09,9,2027,36
Lithuania,total,2027-03-14,2027-W10,10,2027,24
Lithuania,total,2027-03-21,2027-W11,11,2027,28
Lithuania,total,2027-03-28,2027-W12,12,2027,27
Lithuania,total,2027-04-04,2027-W13,13,2027,30
Lithuania,total,2027-04-11,2027-W14,14,2027,11
Lithuania,total,2027-04-18,2027-W15,15,2027,12
Lithuania,total,2027-04-25,2027-W16,16,2027,12
Lithuania,total,2027-05-02,2027-W17,17,2027,11
Lithuania,total,2027-05-09,2027-W18,18,2027,12
Lithuania,total,2027-05-16,2027-W19,19,2027,7
Lithuania,total,2027-05-23,2027-W20,20,2027,3
Lithuania,total,2027-05-30,2027-W21,21,2027,11
Lithuania,total,2027-06-06,2027-W22,22,2027,4
Lithuania,total,2027-06-13,2027-W23,23,2027,8
Lithuania,total,2027-06-20,2027-W24,24,2027,3
Lithuania,total,2027-06-27,2027-W25,25,2027,4
Lithuania,total,2027-07-04,2027-W26,26,2027,1
Lithuania,total,2027-07-11,2027-W27,27,2027,2
Lithuania,total,2027-07-18,2027-W28,28,2027,5
Lithuania,total,2027-07-25,2027-W29,29,2027,4
Lithuania,total,2027-08-01,2027-W30,30,2027,5
Lithuania,total,2027-08-08,2027-W31,31,2027,2
Lithuania,total,2027-08-15,2027-W32,32,2027,4
Lithuania,total,2027-08-22,2027-W33,33,2027,4
Lithuania,total,2027-08-29,2027-W34,34,2027,1
Luxembourg,total,2026-09-06,2026-W36,36,2026,0
Luxembourg,total,2026-09-13,2026-W37,37,2026,3
Luxembourg,total,2026-09-20,2026-W38,38,2026,0
Luxembourg,total,2026-09-27,2026-W39,39,2026,4
Luxembourg,total,2026-10-04,2026-W40,40,2026,6
Luxembourg,total,2026-10-11,2026-W41,41,2026,3
Luxembourg,total,2026-10-18,2026-W42,42,2026,12
Luxembourg,total,2026-10-25,2026-W43,43,2026,8
Luxembourg,total,2026-11-01,2026-W44,44,2026,18
Luxembourg,total,2026-11-08,2026-W45,45,2026,19
Luxembourg,total,2026-11-15,2026-W46,46,2026,32
Luxembourg,total,2026-11-22,2026-W47,47,2026,34
Luxembourg,total,2026-11-29,2026-W48,48,2026,40
Luxembourg,total,2026-12-06,2026-W49,49,2026,34
Luxembourg,total,2026-12-13,2026-W50,50,2026,32
Luxembourg,total,2026-12-20,2026-W51,51,2026,27
Luxembourg,total,2026-12-27,2026-W52,52,2026,30
Luxembourg,total,2027-01-03,2026-W53,53,2026,30
Luxembourg,total,2027-01-10,2027-W01,1,2027,31
Luxembourg,total,2027-01-17,2027-W02,2,2027,25
Luxembourg,total,2027-01-24,2027-W03,3,2027,20
Luxembourg,total,2027-01-31,2027-W04,4,2027,14
Luxembourg,total,2027-02-07,2027-W05,5,2027,10
Luxembourg,total,2027-02-14,2027-W06,6,2027,13
Luxembourg,total,2027-02-21,2027-W07,7,2027,11
Luxembourg,total,2027-02-28,2027-W08,8,2027,8
Luxembourg,total,2027-03-07,2027-W09,9,2027,11
Luxembourg,total,2027-03-14,2027-W10,10,2027,3
Luxembourg,total,2027-03-21,2027-W11,11,2027,4
Luxembourg,total,2027-03-28,2027-W12,12,2027,5
Luxembourg,total,2027-04-04,2027-W13,13,2027,4
Luxembourg,total,2027-04-11,2027-W14,14,2027,1
Luxembourg,total,2027-04-18,2027-W15,15,2027,2
Luxembourg,total,2027-04-25,2027-W16,16,2027,4
Luxembourg,total,2027-05-02,2027-W17,17,2027,0
Luxembourg,total,2027-05-09,2027-W18,18,2027,2
Luxembourg,total,2027-05-16,2027-W19,19,2027,0
Luxembourg,total,2027-05-23,2027-W20,20,2027,3
Luxembourg,total,2027-05-30,2027-W21,21,2027,3
Luxembourg,total,2027-06-06,2027-W22,22,2027,0
Luxembourg,total,2027-06-13,2027-W23,23,2027,3
Luxembourg,total,2027-06-20,2027-W24,24,2027,0
Luxembourg,total,2027-06-27,2027-W25,25,2027,0
Luxembourg,total,2027-07-04,2027-W26,26,2027,0
Luxembourg,total,2027-07-11,2027-W27,27,2027,2
Luxembourg,total,2027-07-18,2027-W28,28,2027,0
Luxembourg,total,2027-07-25,2027-W29,29,2027,0
Luxembourg,total,2027-08-01,2027-W30,30,2027,1
Luxembourg,total,2027-08-08,2027-W31,31,2027,0
Luxembourg,total,2027-08-15,2027-W32,32,2027,2
Luxembourg,total,2027-08-22,2027-W33,33,2027,1
Luxembourg,total,2027-08-29,2027-W34,34,2027,0
Malta,total,2026-09-06,2026-W36,36,2026,0
Malta,total,2026-09-13,2026-W37,37,2026,0
Malta,total,2026-09-20,2026-W38,38,2026,1
Malta,total,2026-09-27,2026-W39,39,2026,2
Malta,total,2026-10-04,2026-W40,40,2026,1
Malta,total,2026-10-11,2026-W41,41,2026,6
Malta,total,2026-10-18,2026-W42,42,2026,7
Malta,total,2026-10-25,2026-W43,43,2026,11
Malta,total,2026-11-01,2026-W44,44,2026,12
Malta,total,2026-11-08,2026-W45,45,2026,16
Malta,total,2026-11-15,2026-W46,46,2026,18
Malta,total,2026-11-22,2026-W47,47,2026,18
Malta,total,2026-11-29,2026-W48,48,2026,42
Malta,total,2026-12-06,2026-W49,49,2026,33
Malta,total,2026-12-13,2026-W50,50,2026,26
Malta,total,2026-12-20,2026-W51,51,2026,25
Malta,total,2026-12-27,2026-W52,52,2026,31
Malta,total,2027-01-03,2026-W53,53,2026,18
Malta,total,2027-01-10,2027-W01,1,2027,16
Malta,total,2027-01-17,2027-W02,2,2027,11
Malta,total,2027-01-24,2027-W03,3,2027,11
Malta,total,2027-01-31,2027-W04,4,2027,10
Malta,total,2027-02-07,2027-W05,5,2027,9
Malta,total,2027-02-14,2027-W06,6,2027,8
Malta,total,2027-02-21,2027-W07,7,2027,8
Malta,total,2027-02-28,2027-W08,8,2027,4
Malta,total,2027-03-07,2027-W09,9,2027,5
Malta,total,2027-03-14,2027-W10,10,2027,7
Malta,total,2027-03-21,2027-W11,11,2027,5
Malta,total,2027-03-28,2027-W12,12,2027,1
Malta,total,2027-04-04,2027-W13,13,2027,3
Malta,total,2027-04-11,2027-W14,14,2027,2
Malta,total,2027-04-18,2027-W15,15,2027,0
Malta,total,2027-04-25,2027-W16,16,2027,3
Malta,total,2027-05-02,2027-W17,17,2027,1
Malta,total,2027-05-09,2027-W18,18,2027,1
Malta,total,2027-05-16,2027-W19,19,2027,2
Malta,total,2027-05-23,2027-W20,20,2027,1
Malta,total,2027-05-30,2027-W21,21,2027,2
Malta,total,2027-06-06,2027-W22,22,2027,0
Malta,total,2027-06-13,2027-W23,23,2027,0
Malta,total,2027-06-20,2027-W24,24,2027,1
Malta,total,2027-06-27,2027-W25,25,2027,0
Malta,total,2027-07-04,2027-W26,26,2027,0
Malta,total,2027-07-11,2027-W27,27,2027,2
Malta,total,2027-07-18,2027-W28,28,2027,0
Malta,total,2027-07-25,2027-W29,29,2027,1
Malta,total,2027-08-01,2027-W30,30,2027,3
Malta,total,2027-08-08,2027-W31,31,2027,0
Malta,total,2027-08-15,2027-W32,32,2027,0
Malta,total,2027-08-22,2027-W33,33,2027,0
Malta,total,2027-08-29,2027-W34,34,2027,1
Netherlands,total,2026-09-06,2026-W36,36,2026,23
Netherlands,total,2026-09-13,2026-W37,37,2026,18
Netherlands,total,2026-09-20,2026-W38,38,2026,31
Netherlands,total,2026-09-27,2026-W39,39,2026,42
Netherlands,total,2026-10-04,2026-W40,40,2026,63
Netherlands,total,2026-10-11,2026-W41,41,2026,68
Netherlands,total,2026-10-18,2026-W42,42,2026,122
Netherlands,total,2026-10-25,2026-W43,43,2026,202
Netherlands,total,2026-11-01,2026-W44,44,2026,277
Netherlands,total,2026-11-08,2026-W45,45,2026,379
Netherlands,total,2026-11-15,2026-W46,46,2026,538
Netherlands,total,2026-11-22,2026-W47,47,2026,656
Netherlands,total,2026-11-29,2026-W48,48,2026,688
Netherlands,total,2026-12-06,2026-W49,49,2026,724
Netherlands,total,2026-12-13,2026-W50,50,2026,786
Netherlands,total,2026-12-20,2026-W51,51,2026,742
Netherlands,total,2026-12-27,2026-W52,52,2026,630
Netherlands,total,2027-01-03,2026-W53,53,2026,604
Netherlands,total,2027-01-10,2027-W01,1,2027,521
Netherlands,total,2027-01-17,2027-W02,2,2027,388
Netherlands,total,2027-01-24,2027-W03,3,2027,343
Netherlands,total,2027-01-31,2027-W04,4,2027,324
Netherlands,total,2027-02-07,2027-W05,5,2027,242
Netherlands,total,2027-02-14,2027-W06,6,2027,219
Netherlands,total,2027-02-21,2027-W07,7,2027,193
Netherlands,total,2027-02-28,2027-W08,8,2027,189
Netherlands,total,2027-03-07,2027-W09,9,2027,176
Netherlands,total,2027-03-14,2027-W10,10,2027,117
Netherlands,total,2027-03-21,2027-W11,11,2027,125
Netherlands,total,2027-03-28,2027-W12,12,2027,103
Netherlands,total,2027-04-04,2027-W13,13,2027,82
Netherlands,total,2027-04-11,2027-W14,14,2027,103
Netherlands,total,2027-04-18,2027-W15,15,2027,88
Netherlands,total,2027-04-25,2027-W16,16,2027,62
Netherlands,total,2027-05-02,2027-W17,17,2027,62
Netherlands,total,2027-05-09,2027-W18,18,2027,39
Netherlands,total,2027-05-16,2027-W19,19,2027,28
Netherlands,total,2027-05-23,2027-W20,20,2027,28
Netherlands,total,2027-05-30,2027-W21,21,2027,31
Netherlands,total,2027-06-06,2027-W22,22,2027,38
Netherlands,total,2027-06-13,2027-W23,23,2027,21
Netherlands,total,2027-06-20,2027-W24,24,2027,16
Netherlands,total,2027-06-27,2027-W25,25,2027,16
Netherlands,total,2027-07-04,2027-W26,26,2027,17
Netherlands,total,2027-07-11,2027-W27,27,2027,17
Netherlands,total,2027-07-18,2027-W28,28,2027,19
Netherlands,total,2027-07-25,2027-W29,29,2027,11
Netherlands,total,2027-08-01,2027-W30,30,2027,20
Netherlands,total,2027-08-08,2027-W31,31,2027,10
Netherlands,total,2027-08-15,2027-W32,32,2027,7
Netherlands,total,2027-08-22,2027-W33,33,2027,13
Netherlands,total,2027-08-29,2027-W34,34,2027,10
Norway,total,2026-09-06,2026-W36,36,2026,10
Norway,total,2026-09-13,2026-W37,37,2026,8
Norway,total,2026-09-20,2026-W38,38,2026,8
Norway,total,2026-09-27,2026-W39,39,2026,19
Norway,total,2026-10-04,2026-W40,40,2026,18
Norway,total,2026-10-11,2026-W41,41,2026,36
Norway,total,2026-10-18,2026-W42,42,2026,71
Norway,total,2026-10-25,2026-W43,43,2026,103
Norway,total,2026-11-01,2026-W44,44,2026,136
Norway,total,2026-11-08,2026-W45,45,2026,180
Norway,total,2026-11-15,2026-W46,46,2026,225
Norway,total,2026-11-22,2026-W47,47,2026,287
Norway,total,2026-11-29,2026-W48,48,2026,316
Norway,total,2026-12-06,2026-W49,49,2026,313
Norway,total,2026-12-13,2026-W50,50,2026,334
Norway,total,2026-12-20,2026-W51,51,2026,358
Norway,total,2026-12-27,2026-W52,52,2026,317
Norway,total,2027-01-03,2026-W53,53,2026,265
Norway,total,2027-01-10,2027-W01,1,2027,262
Norway,total,2027-01-17,2027-W02,2,2027,209
Norway,total,2027-01-24,2027-W03,3,2027,153
Norway,total,2027-01-31,2027-W04,4,2027,150
Norway,total,2027-02-07,2027-W05,5,2027,117
Norway,total,2027-02-14,2027-W06,6,2027,135
Norway,total,2027-02-21,2027-W07,7,2027,105
Norway,total,2027-02-28,2027-W08,8,2027,96
Norway,total,2027-03-07,2027-W09,9,2027,98
Norway,total,2027-03-14,2027-W10,10,2027,51
Norway,total,2027-03-21,2027-W11,11,2027,60
Norway,total,2027-03-28,2027-W12,12,2027,45
Norway,total,2027-04-04,2027-W13,13,2027,42
Norway,total,2027-04-11,2027-W14,14,2027,31
Norway,total,2027-04-18,2027-W15,15,2027,27
Norway,total,2027-04-25,2027-W16,16,2027,30
Norway,total,2027-05-02,2027-W17,17,2027,21
Norway,total,2027-05-09,2027-W18,18,2027,19
Norway,total,2027-05-16,2027-W19,19,2027,23
Norway,total,2027-05-23,2027-W20,20,2027,17
Norway,total,2027-05-30,2027-W21,21,2027,12
Norway,total,2027-06-06,2027-W22,22,2027,12
Norway,total,2027-06-13,2027-W23,23,2027,12
Norway,total,2027-06-20,2027-W24,24,2027,13
Norway,total,2027-06-27,2027-W25,25,2027,5
Norway,total,2027-07-04,2027-W26,26,2027,8
Norway,total,2027-07-11,2027-W27,27,2027,7
Norway,total,2027-07-18,2027-W28,28,2027,14
Norway,total,2027-07-25,2027-W29,29,2027,6
Norway,total,2027-08-01,2027-W30,30,2027,6
Norway,total,2027-08-08,2027-W31,31,2027,10
Norway,total,2027-08-15,2027-W32,32,2027,4
Norway,total,2027-08-22,2027-W33,33,2027,6
Norway,total,2027-08-29,2027-W34,34,2027,3
Poland,total,2026-09-06,2026-W36,36,2026,39
Poland,total,2026-09-13,2026-W37,37,2026,52
Poland,total,2026-09-20,2026-W38,38,2026,59
Poland,total,2026-09-27,2026-W39,39,2026,91
Poland,total,2026-10-04,2026-W40,40,2026,141
Poland,total,2026-10-11,2026-W41,41,2026,247
Poland,total,2026-10-18,2026-W42,42,2026,348
Poland,total,2026-10-25,2026-W43,43,2026,545
Poland,total,2026-11-01,2026-W44,44,2026,678
Poland,total,2026-11-08,2026-W45,45,2026,994
Poland,total,2026-11-15,2026-W46,46,2026,1268
Poland,total,2026-11-22,2026-W47,47,2026,1474
Poland,total,2026-11-29,2026-W48,48,2026,1785
Poland,total,2026-12-06,2026-W49,49,2026,1695
Poland,total,2026-12-13,2026-W50,50,2026,1896
Poland,total,2026-12-20,2026-W51,51,2026,1678
Poland,total,2026-12-27,2026-W52,52,2026,1541
Poland,total,2027-01-03,2026-W53,53,2026,1444
Poland,total,2027-01-10,2027-W01,1,2027,1346
Poland,total,2027-01-17,2027-W02,2,2027,1051
Poland,total,2027-01-24,2027-W03,3,2027,819
Poland,total,2027-01-31,2027-W04,4,2027,722
Poland,total,2027-02-07,2027-W05,5,2027,632
Poland,total,2027-02-14,2027-W06,6,2027,546
Poland,total,2027-02-21,2027-W07,7,2027,490
Poland,total,2027-02-28,2027-W08,8,2027,501
Poland,total,2027-03-07,2027-W09,9,2027,437
Poland,total,2027-03-14,2027-W10,10,2027,360
Poland,total,2027-03-21,2027-W11,11,2027,300
Poland,total,2027-03-28,2027-W12,12,2027,240
Poland,total,2027-04-04,2027-W13,13,2027,253
Poland,total,2027-04-11,2027-W14,14,2027,213
Poland,total,2027-04-18,2027-W15,15,2027,154
Poland,total,2027-04-25,2027-W16,16,2027,127
Poland,total,2027-05-02,2027-W17,17,2027,133
Poland,total,2027-05-09,2027-W18,18,2027,117
Poland,total,2027-05-16,2027-W19,19,2027,97
Poland,total,2027-05-23,2027-W20,20,2027,101
Poland,total,2027-05-30,2027-W21,21,2027,65
Poland,total,2027-06-06,2027-W22,22,2027,58
Poland,total,2027-06-13,2027-W23,23,2027,45
Poland,total,2027-06-20,2027-W24,24,2027,41
Poland,total,2027-06-27,2027-W25,25,2027,47
Poland,total,2027-07-04,2027-W26,26,2027,51
Poland,total,2027-07-11,2027-W27,27,2027,48
Poland,total,2027-07-18,2027-W28,28,2027,45
Poland,total,2027-07-25,2027-W29,29,2027,45
Poland,total,2027-08-01,2027-W30,30,2027,53
Poland,total,2027-08-08,2027-W31,31,2027,39
Poland,total,2027-08-15,2027-W32,32,2027,48
Poland,total,2027-08-22,2027-W33,33,2027,32
Poland,total,2027-08-29,2027-W34,34,2027,27
Portugal,total,2026-09-06,2026-W36,36,2026,11
Portugal,total,2026-09-13,2026-W37,37,2026,20
Portugal,total,2026-09-20,2026-W38,38,2026,18
Portugal,total,2026-09-27,2026-W39,39,2026,34
Portugal,total,2026-10-04,2026-W40,40,2026,54
Portugal,total,2026-10-11,2026-W41,41,2026,82
Portugal,total,2026-10-18,2026-W42,42,2026,105
Portugal,total,2026-10-25,2026-W43,43,2026,179
Portugal,total,2026-11-01,2026-W44,44,2026,243
Portugal,total,2026-11-08,2026-W45,45,2026,329
Portugal,total,2026-11-15,2026-W46,46,2026,395
Portugal,total,2026-11-22,2026-W47,47,2026,497
Portugal,total,2026-11-29,2026-W48,48,2026,591
Portugal,total,2026-12-06,2026-W49,49,2026,557
Portugal,total,2026-12-13,2026-W50,50,2026,625
Portugal,total,2026-12-20,2026-W51,51,2026,588
Portugal,total,2026-12-27,2026-W52,52,2026,521
Portugal,total,2027-01-03,2026-W53,53,2026,461
Portugal,total,2027-01-10,2027-W01,1,2027,450
Portugal,total,2027-01-17,2027-W02,2,2027,370
Portugal,total,2027-01-24,2027-W03,3,2027,266
Portugal,total,2027-01-31,2027-W04,4,2027,243
Portugal,total,2027-02-07,2027-W05,5,2027,219
Portugal,total,2027-02-14,2027-W06,6,2027,192
Portugal,total,2027-02-21,2027-W07,7,2027,154
Portugal,total,2027-02-28,2027-W08,8,2027,159
Portugal,total,2027-03-07,2027-W09,9,2027,141
Portugal,total,2027-03-14,2027-W10,10,2027,106
Portugal,total,2027-03-21,2027-W11,11,2027,85
Portugal,total,2027-03-28,2027-W12,12,2027,96
Portugal,total,2027-04-04,2027-W13,13,2027,76
Portugal,total,2027-04-11,2027-W14,14,2027,59
Portugal,total,2027-04-18,2027-W15,15,2027,49
Portugal,total,2027-04-25,2027-W16,16,2027,50
Portugal,total,2027-05-02,2027-W17,17,2027,40
Portugal,total,2027-05-09,2027-W18,18,2027,35
Portugal,total,2027-05-16,2027-W19,19,2027,41
Portugal,total,2027-05-23,2027-W20,20,2027,17
Portugal,total,2027-05-30,2027-W21,21,2027,21
Portugal,total,2027-06-06,2027-W22,22,2027,16
Portugal,total,2027-06-13,2027-W23,23,2027,23
Portugal,total,2027-06-20,2027-W24,24,2027,11
Portugal,total,2027-06-27,2027-W25,25,2027,7
Portugal,total,2027-07-04,2027-W26,26,2027,11
Portugal,total,2027-07-11,2027-W27,27,2027,15
Portugal,total,2027-07-18,2027-W28,28,2027,18
Portugal,total,2027-07-25,2027-W29,29,2027,8
Portugal,total,2027-08-01,2027-W30,30,2027,15
Portugal,total,2027-08-08,2027-W31,31,2027,13
Portugal,total,2027-08-15,2027-W32,32,2027,16
Portugal,total,2027-08-22,2027-W33,33,2027,15
Portugal,total,2027-08-29,2027-W34,34,2027,10
Romania,total,2026-09-06,2026-W36,36,2026,27
Romania,total,2026-09-13,2026-W37,37,2026,30
Romania,total,2026-09-20,2026-W38,38,2026,30
Romania,total,2026-09-27,2026-W39,39,2026,53
Romania,total,2026-10-04,2026-W40,40,2026,83
Romania,total,2026-10-11,2026-W41,41,2026,123
Romania,total,2026-10-18,2026-W42,42,2026,202
Romania,total,2026-10-25,2026-W43,43,2026,298
Romania,total,2026-11-01,2026-W44,44,2026,414
Romania,total,2026-11-08,2026-W45,45,2026,537
Romania,total,2026-11-15,2026-W46,46,2026,718
Romania,total,2026-11-22,2026-W47,47,2026,901
Romania,total,2026-11-29,2026-W48,48,2026,1029
Romania,total,2026-12-06,2026-W49,49,2026,1112
Romania,total,2026-12-13,2026-W50,50,2026,1110
Romania,total,2026-12-20,2026-W51,51,2026,1032
Romania,total,2026-12-27,2026-W52,52,2026,933
Romania,total,2027-01-03,2026-W53,53,2026,883
Romania,total,2027-01-10,2027-W01,1,2027,789
Romania,total,2027-01-17,2027-W02,2,2027,609
Romania,total,2027-01-24,2027-W03,3,2027,478
Romania,total,2027-01-31,2027-W04,4,2027,422
Romania,total,2027-02-07,2027-W05,5,2027,351
Romania,total,2027-02-14,2027-W06,6,2027,353
Romania,total,2027-02-21,2027-W07,7,2027,297
Romania,total,2027-02-28,2027-W08,8,2027,291
Romania,total,2027-03-07,2027-W09,9,2027,222
Romania,total,2027-03-14,2027-W10,10,2027,185
Romania,total,2027-03-21,2027-W11,11,2027,176
Romania,total,2027-03-28,2027-W12,12,2027,151
Romania,total,2027-04-04,2027-W13,13,2027,133
Romania,total,2027-04-11,2027-W14,14,2027,123
Romania,total,2027-04-18,2027-W15,15,2027,111
Romania,total,2027-04-25,2027-W16,16,2027,78
Romania,total,2027-05-02,2027-W17,17,2027,72
Romania,total,2027-05-09,2027-W18,18,2027,60
Romania,total,2027-05-16,2027-W19,19,2027,38
Romania,total,2027-05-23,2027-W20,20,2027,54
Romania,total,2027-05-30,2027-W21,21,2027,43
Romania,total,2027-06-06,2027-W22,22,2027,37
Romania,total,2027-06-13,2027-W23,23,2027,27
Romania,total,2027-06-20,2027-W24,24,2027,31
Romania,total,2027-06-27,2027-W25,25,2027,22
Romania,total,2027-07-04,2027-W26,26,2027,20
Romania,total,2027-07-11,2027-W27,27,2027,29
Romania,total,2027-07-18,2027-W28,28,2027,29
Romania,total,2027-07-25,2027-W29,29,2027,17
Romania,total,2027-08-01,2027-W30,30,2027,35
Romania,total,2027-08-08,2027-W31,31,2027,18
Romania,total,2027-08-15,2027-W32,32,2027,19
Romania,total,2027-08-22,2027-W33,33,2027,23
Romania,total,2027-08-29,2027-W34,34,2027,15
Slovakia,total,2026-09-06,2026-W36,36,2026,18
Slovakia,total,2026-09-13,2026-W37,37,2026,7
Slovakia,total,2026-09-20,2026-W38,38,2026,15
Slovakia,total,2026-09-27,2026-W39,39,2026,10
Slovakia,total,2026-10-04,2026-W40,40,2026,28
Slovakia,total,2026-10-11,2026-W41,41,2026,30
Slovakia,total,2026-10-18,2026-W42,42,2026,44
Slovakia,total,2026-10-25,2026-W43,43,2026,88
Slovakia,total,2026-11-01,2026-W44,44,2026,115
Slovakia,total,2026-11-08,2026-W45,45,2026,158
Slovakia,total,2026-11-15,2026-W46,46,2026,228
Slovakia,total,2026-11-22,2026-W47,47,2026,262
Slovakia,total,2026-11-29,2026-W48,48,2026,298
Slovakia,total,2026-12-06,2026-W49,49,2026,307
Slovakia,total,2026-12-13,2026-W50,50,2026,281
Slovakia,total,2026-12-20,2026-W51,51,2026,287
Slovakia,total,2026-12-27,2026-W52,52,2026,256
Slovakia,total,2027-01-03,2026-W53,53,2026,270
Slovakia,total,2027-01-10,2027-W01,1,2027,238
Slovakia,total,2027-01-17,2027-W02,2,2027,172
Slovakia,total,2027-01-24,2027-W03,3,2027,136
Slovakia,total,2027-01-31,2027-W04,4,2027,130
Slovakia,total,2027-02-07,2027-W05,5,2027,119
Slovakia,total,2027-02-14,2027-W06,6,2027,108
Slovakia,total,2027-02-21,2027-W07,7,2027,77
Slovakia,total,2027-02-28,2027-W08,8,2027,75
Slovakia,total,2027-03-07,2027-W09,9,2027,60
Slovakia,total,2027-03-14,2027-W10,10,2027,72
Slovakia,total,2027-03-21,2027-W11,11,2027,41
Slovakia,total,2027-03-28,2027-W12,12,2027,49
Slovakia,total,2027-04-04,2027-W13,13,2027,46
Slovakia,total,2027-04-11,2027-W14,14,2027,30
Slovakia,total,2027-04-18,2027-W15,15,2027,29
Slovakia,total,2027-04-25,2027-W16,16,2027,26
Slovakia,total,2027-05-02,2027-W17,17,2027,21
Slovakia,total,2027-05-09,2027-W18,18,2027,21
Slovakia,total,2027-05-16,2027-W19,19,2027,12
Slovakia,total,2027-05-23,2027-W20,20,2027,17
Slovakia,total,2027-05-30,2027-W21,21,2027,15
Slovakia,total,2027-06-06,2027-W22,22,2027,11
Slovakia,total,2027-06-13,2027-W23,23,2027,6
Slovakia,total,2027-06-20,2027-W24,24,2027,5
Slovakia,total,2027-06-27,2027-W25,25,2027,12
Slovakia,total,2027-07-04,2027-W26,26,2027,8
Slovakia,total,2027-07-11,2027-W27,27,2027,8
Slovakia,total,2027-07-18,2027-W28,28,2027,9
Slovakia,total,2027-07-25,2027-W29,29,2027,4
Slovakia,total,2027-08-01,2027-W30,30,2027,11
Slovakia,total,2027-08-08,2027-W31,31,2027,6
Slovakia,total,2027-08-15,2027-W32,32,2027,6
Slovakia,total,2027-08-22,2027-W33,33,2027,12
Slovakia,total,2027-08-29,2027-W34,34,2027,7
Slovenia,total,2026-09-06,2026-W36,36,2026,1
Slovenia,total,2026-09-13,2026-W37,37,2026,3
Slovenia,total,2026-09-20,2026-W38,38,2026,3
Slovenia,total,2026-09-27,2026-W39,39,2026,6
Slovenia,total,2026-10-04,2026-W40,40,2026,10
Slovenia,total,2026-10-11,2026-W41,41,2026,11
Slovenia,total,2026-10-18,2026-W42,42,2026,17
Slovenia,total,2026-10-25,2026-W43,43,2026,21
Slovenia,total,2026-11-01,2026-W44,44,2026,36
Slovenia,total,2026-11-08,2026-W45,45,2026,48
Slovenia,total,2026-11-15,2026-W46,46,2026,65
Slovenia,total,2026-11-22,2026-W47,47,2026,101
Slovenia,total,2026-11-29,2026-W48,48,2026,114
Slovenia,total,2026-12-06,2026-W49,49,2026,102
Slovenia,total,2026-12-13,2026-W50,50,2026,122
Slovenia,total,2026-12-20,2026-W51,51,2026,113
Slovenia,total,2026-12-27,2026-W52,52,2026,89
Slovenia,total,2027-01-03,2026-W53,53,2026,96
Slovenia,total,2027-01-10,2027-W01,1,2027,90
Slovenia,total,2027-01-17,2027-W02,2,2027,74
Slovenia,total,2027-01-24,2027-W03,3,2027,41
Slovenia,total,2027-01-31,2027-W04,4,2027,53
Slovenia,total,2027-02-07,2027-W05,5,2027,43
Slovenia,total,2027-02-14,2027-W06,6,2027,33
Slovenia,total,2027-02-21,2027-W07,7,2027,34
Slovenia,total,2027-02-28,2027-W08,8,2027,36
Slovenia,total,2027-03-07,2027-W09,9,2027,19
Slovenia,total,2027-03-14,2027-W10,10,2027,20
Slovenia,total,2027-03-21,2027-W11,11,2027,17
Slovenia,total,2027-03-28,2027-W12,12,2027,18
Slovenia,total,2027-04-04,2027-W13,13,2027,14
Slovenia,total,2027-04-11,2027-W14,14,2027,10
Slovenia,total,2027-04-18,2027-W15,15,2027,7
Slovenia,total,2027-04-25,2027-W16,16,2027,11
Slovenia,total,2027-05-02,2027-W17,17,2027,7
Slovenia,total,2027-05-09,2027-W18,18,2027,11
Slovenia,total,2027-05-16,2027-W19,19,2027,4
Slovenia,total,2027-05-23,2027-W20,20,2027,7
Slovenia,total,2027-05-30,2027-W21,21,2027,4
Slovenia,total,2027-06-06,2027-W22,22,2027,3
Slovenia,total,2027-06-13,2027-W23,23,2027,5
Slovenia,total,2027-06-20,2027-W24,24,2027,2
Slovenia,total,2027-06-27,2027-W25,25,2027,2
Slovenia,total,2027-07-04,2027-W26,26,2027,4
Slovenia,total,2027-07-11,2027-W27,27,2027,6
Slovenia,total,2027-07-18,2027-W28,28,2027,4
Slovenia,total,2027-07-25,2027-W29,29,2027,2
Slovenia,total,2027-08-01,2027-W30,30,2027,4
Slovenia,total,2027-08-08,2027-W31,31,2027,0
Slovenia,total,2027-08-15,2027-W32,32,2027,1
Slovenia,total,2027-08-22,2027-W33,33,2027,2
Slovenia,total,2027-08-29,2027-W34,34,2027,0
Spain,total,2026-09-06,2026-W36,36,2026,59
Spain,total,2026-09-13,2026-W37,37,2026,59
Spain,total,2026-09-20,2026-W38,38,2026,67
Spain,total,2026-09-27,2026-W39,39,2026,118
Spain,total,2026-10-04,2026-W40,40,2026,149
Spain,total,2026-10-11,2026-W41,41,2026,293
Spain,total,2026-10-18,2026-W42,42,2026,338
Spain,total,2026-10-25,2026-W43,43,2026,543
Spain,total,2026-11-01,2026-W44,44,2026,813
Spain,total,2026-11-08,2026-W45,45,2026,1140
Spain,total,2026-11-15,2026-W46,46,2026,1460
Spain,total,2026-11-22,2026-W47,47,2026,1725
Spain,total,2026-11-29,2026-W48,48,2026,2023
Spain,total,2026-12-06,2026-W49,49,2026,2040
Spain,total,2026-12-13,2026-W50,50,2026,2082
Spain,total,2026-12-20,2026-W51,51,2026,1991
Spain,total,2026-12-27,2026-W52,52,2026,1790
Spain,total,2027-01-03,2026-W53,53,2026,1677
Spain,total,2027-01-10,2027-W01,1,2027,1523
Spain,total,2027-01-17,2027-W02,2,2027,1217
Spain,total,2027-01-24,2027-W03,3,2027,940
Spain,total,2027-01-31,2027-W04,4,2027,891
Spain,total,2027-02-07,2027-W05,5,2027,732
Spain,total,2027-02-14,2027-W06,6,2027,626
Spain,total,2027-02-21,2027-W07,7,2027,539
Spain,total,2027-02-28,2027-W08,8,2027,529
Spain,total,2027-03-07,2027-W09,9,2027,497
Spain,total,2027-03-14,2027-W10,10,2027,341
Spain,total,2027-03-21,2027-W11,11,2027,335
Spain,total,2027-03-28,2027-W12,12,2027,291
Spain,total,2027-04-04,2027-W13,13,2027,273
Spain,total,2027-04-11,2027-W14,14,2027,213
Spain,total,2027-04-18,2027-W15,15,2027,191
Spain,total,2027-04-25,2027-W16,16,2027,169
Spain,total,2027-05-02,2027-W17,17,2027,129
Spain,total,2027-05-09,2027-W18,18,2027,142
Spain,total,2027-05-16,2027-W19,19,2027,117
Spain,total,2027-05-23,2027-W20,20,2027,113
Spain,total,2027-05-30,2027-W21,21,2027,89
Spain,total,2027-06-06,2027-W22,22,2027,63
Spain,total,2027-06-13,2027-W23,23,2027,85
Spain,total,2027-06-20,2027-W24,24,2027,61
Spain,total,2027-06-27,2027-W25,25,2027,66
Spain,total,2027-07-04,2027-W26,26,2027,53
Spain,total,2027-07-11,2027-W27,27,2027,33
Spain,total,2027-07-18,2027-W28,28,2027,46
Spain,total,2027-07-25,2027-W29,29,2027,49
Spain,total,2027-08-01,2027-W30,30,2027,50
Spain,total,2027-08-08,2027-W31,31,2027,34
Spain,total,2027-08-15,2027-W32,32,2027,45
Spain,total,2027-08-22,2027-W33,33,2027,51
Spain,total,2027-08-29,2027-W34,34,2027,34
Sweden,total,2026-09-06,2026-W36,36,2026,18
Sweden,total,2026-09-13,2026-W37,37,2026,14
Sweden,total,2026-09-20,2026-W38,38,2026,22
Sweden,total,2026-09-27,2026-W39,39,2026,27
Sweden,total,2026-10-04,2026-W40,40,2026,51
Sweden,total,2026-10-11,2026-W41,41,2026,81
Sweden,total,2026-10-18,2026-W42,42,2026,102
Sweden,total,2026-10-25,2026-W43,43,2026,181
Sweden,total,2026-11-01,2026-W44,44,2026,230
Sweden,total,2026-11-08,2026-W45,45,2026,295
Sweden,total,2026-11-15,2026-W46,46,2026,425
Sweden,total,2026-11-22,2026-W47,47,2026,479
Sweden,total,2026-11-29,2026-W48,48,2026,603
Sweden,total,2026-12-06,2026-W49,49,2026,624
Sweden,total,2026-12-13,2026-W50,50,2026,613
Sweden,total,2026-12-20,2026-W51,51,2026,566
Sweden,total,2026-12-27,2026-W52,52,2026,536
Sweden,total,2027-01-03,2026-W53,53,2026,473
Sweden,total,2027-01-10,2027-W01,1,2027,493
Sweden,total,2027-01-17,2027-W02,2,2027,341
Sweden,total,2027-01-24,2027-W03,3,2027,259
Sweden,total,2027-01-31,2027-W04,4,2027,259
Sweden,total,2027-02-07,2027-W05,5,2027,224
Sweden,total,2027-02-14,2027-W06,6,2027,189
Sweden,total,2027-02-21,2027-W07,7,2027,130
Sweden,total,2027-02-28,2027-W08,8,2027,167
Sweden,total,2027-03-07,2027-W09,9,2027,121
Sweden,total,2027-03-14,2027-W10,10,2027,113
Sweden,total,2027-03-21,2027-W11,11,2027,104
Sweden,total,2027-03-28,2027-W12,12,2027,99
Sweden,total,2027-04-04,2027-W13,13,2027,71
Sweden,total,2027-04-11,2027-W14,14,2027,78
Sweden,total,2027-04-18,2027-W15,15,2027,45
Sweden,total,2027-04-25,2027-W16,16,2027,45
Sweden,total,2027-05-02,2027-W17,17,2027,44
Sweden,total,2027-05-09,2027-W18,18,2027,27
Sweden,total,2027-05-16,2027-W19,19,2027,39
Sweden,total,2027-05-23,2027-W20,20,2027,30
Sweden,total,2027-05-30,2027-W21,21,2027,26
Sweden,total,2027-06-06,2027-W22,22,2027,13
Sweden,total,2027-06-13,2027-W23,23,2027,20
Sweden,total,2027-06-20,2027-W24,24,2027,14
Sweden,total,2027-06-27,2027-W25,25,2027,12
Sweden,total,2027-07-04,2027-W26,26,2027,17
Sweden,total,2027-07-11,2027-W27,27,2027,11
Sweden,total,2027-07-18,2027-W28,28,2027,16
Sweden,total,2027-07-25,2027-W29,29,2027,15
Sweden,total,2027-08-01,2027-W30,30,2027,13
Sweden,total,2027-08-08,2027-W31,31,2027,10
Sweden,total,2027-08-15,2027-W32,32,2027,15
Sweden,total,2027-08-22,2027-W33,33,2027,14
Sweden,total,2027-08-29,2027-W34,34,2027,17
