"rep","VE0_inf","VE0_sev","delta","a","d","mean","half_life"
1,0.765986554828777,0.775074257726961,0.00908770289818423,0.0815230634010187,0,36.7994022163121,32.8005338421395
2,0.759644467831172,0.795400223995224,0.0357557561640514,0.0722630170535958,0,41.515011721348,37.0037137809615
3,0.769224330051455,0.775422586442644,0.00619825639118896,0.0876073824785356,0,34.2436894600181,30.5225418720294
4,0.769072298970904,0.785767681815952,0.0166953828450485,0.0863963351874901,0,34.72369509065,30.9503868907994
5,0.765391657240222,0.783990883557338,0.0185992263171164,0.091738971710725,0,32.7014783799814,29.1479177293568
6,0.77029642790205,0.788680683119605,0.0183842552175549,0.103650928864698,0,28.9433006810395,25.7981286736999
7,0.76788324087136,0.782916463209798,0.0150332223384387,0.0889109676579598,0,33.7416190490806,30.0750297790805
8,0.763962997144915,0.776850340082888,0.0128873429379738,0.074970166213646,0,40.0159176845195,35.667521296135
9,0.750490808307194,0.790642078861611,0.040151270554417,0.0780582445751583,0,38.432839686927,34.2564711076143
10,0.769370262132438,0.795749132022288,0.0263788698898508,0.0907937030326146,0,33.0419390309739,29.4513816562747
11,0.773738998457444,0.809044139341964,0.0353051408845204,0.100999904521199,0,29.7029983763035,26.4752725527452
12,0.777931646040681,0.806576950865356,0.0286453048246758,0.106107717253012,0,28.2731555975949,25.2008060226562
13,0.765800236700031,0.792911651144844,0.0271114144448126,0.0932640066435232,0,32.1667501533223,28.6712966366613
14,0.766367390677818,0.797915601322176,0.0315482106443582,0.0922752555122327,0,32.5114244696109,28.9785163439132
15,0.767027411133007,0.801148351360376,0.0341209402273698,0.0906765569145262,0,33.0846263034432,29.4894302451357
16,0.761903329365407,0.785879216215849,0.0239758868504423,0.0956708318104691,0,31.3575197709498,27.9500026225066
17,0.765903830375402,0.788205343757429,0.0223015133820277,0.0971927160370099,0,30.8665106020664,27.5123497833086
18,0.759606118207203,0.793686754103966,0.0340806358967636,0.0934310921638623,0,32.1092254250706,28.6200229288796
19,0.757335211114611,0.793713345094799,0.0363781339801881,0.0825994264481785,0,36.3198647860122,32.3731061459322
20,0.764065437566903,0.778114602829208,0.0140491652623056,0.0802108981389306,0,37.4014014255744,33.3371158039953
21,0.768409165954886,0.80234163939832,0.0339324734434344,0.091610979689053,0,32.7471664442694,29.1886410239921
22,0.759236584152748,0.780539186939297,0.0213026027865485,0.0782819486898715,0,38.3230112459906,34.1585773572596
23,0.776443714273008,0.789629318104867,0.0131856038318583,0.104679648376907,0,28.658865849437,25.5446024271315
24,0.759304781344634,0.812589141609119,0.053284360264485,0.108232097665901,0,27.718209890569,24.7061644157938
25,0.763532951126509,0.794682866551301,0.0311499154247924,0.100944091171044,0,29.7194215649204,26.489911088199
26,0.76744029603615,0.797162781613371,0.0297224855772212,0.0918360314548975,0,32.666916813292,29.1171118529142
27,0.758901364339902,0.765549627239754,0.00664826289985157,0.0788419011394708,0,38.0508328267354,33.9159756595635
28,0.76774327740908,0.794255574598318,0.0265122971892375,0.0842576002278948,0,35.6050966546138,31.7360094848124
29,0.768637930119955,0.789558112466045,0.0209201823460897,0.094484326830835,0,31.7512978144111,28.3009901185785
30,0.760598091066717,0.775309717312408,0.0147116262456909,0.0729221786948218,0,41.1397472441814,36.669228043647
31,0.76825393478175,0.77222592040621,0.00397198562446,0.0888449393695728,0,33.7666953378261,30.0973811111157
32,0.767361376855699,0.800601896606957,0.0332405197512586,0.100009755672983,0,29.9970735835968,26.7373915875126
33,0.76340759359561,0.791861565805008,0.0284539722093977,0.0928989681723817,0,32.293146619597,28.7839580202675
34,0.776221886684263,0.798434885025973,0.0222129983417099,0.0924745165797512,0,32.4413699141943,28.9160743835185
35,0.761048583990787,0.789380963187777,0.0283323791969897,0.0899322337383173,0,33.3584508612266,29.7334992009733
36,0.761029024143376,0.766812085873451,0.0057830617300759,0.0829226784141159,0,36.1782814710591,32.2469082178706
37,0.77187205217159,0.795008699535863,0.0231366473642723,0.0975596355270724,0,30.7504223831127,27.4088764841477
38,0.758892599897987,0.786428171267733,0.0275355713697464,0.075865296541172,0,39.5437721431947,35.2466822369675
39,0.758187986784921,0.800698401599642,0.0425104148147214,0.0936773414231673,0,32.0248200303651,28.5447895870654
40,0.763607036472438,0.774048873102117,0.0104418366296793,0.0848293148637105,0,35.3651329710713,31.5221218548816
41,0.74559149861004,0.776594790795646,0.0310032921856063,0.0696715502533157,0,43.0591825370963,38.3800847013985
42,0.756743516363476,0.795727227833058,0.0389837114695815,0.0888638542779657,0,33.7595080066639,30.0909748032731
43,0.759557619241604,0.760266598012423,0.000708978770819153,0.0687283577661549,0,43.650104520282,38.9067931624114
44,0.76935896010892,0.792560434090376,0.0232014739814564,0.0744310422234005,0,40.3057637026722,35.9258707136485
45,0.750881899659073,0.774213302586459,0.023331402927386,0.0789418041686781,0,38.0026784489214,33.873054057472
46,0.766480750628266,0.804588380380119,0.0381076297518524,0.0842480904851516,0,35.6091156811291,31.7395917771131
47,0.774376397866147,0.793606842973597,0.01923044510745,0.0964042898316742,0,31.1189471468347,27.737354890212
48,0.753704360934872,0.786685197730757,0.0329808367958851,0.0839637143730229,0,35.7297199439272,31.8470903766871
49,0.766721572146605,0.780945043760878,0.0142234716142734,0.0976011131855209,0,30.7373543403914,27.3972285020688
50,0.76606173377085,0.798255114578403,0.0321933808075532,0.0949313777742067,0,31.6017745695788,28.1677150663512
51,0.76198640101649,0.804444759171541,0.0424583581550509,0.0952632778943864,0,31.4916730382294,28.0695779014085
52,0.761467441176035,0.762505563940919,0.00103812276488471,0.0473904322001623,0,63.303917282901,56.4248916048257
53,0.762530980698951,0.775864545490449,0.0133335647914973,0.0764269520550753,0,39.2531681472541,34.9876572085858
54,0.764674015090485,0.788318511158794,0.0236444960683093,0.0882455132305561,0,33.9960626911648,30.3018238787249
55,0.772078623123155,0.811818594233197,0.0397399711100423,0.102266176371591,0,29.3352123491868,26.1474526072418
56,0.76834392637867,0.799850016071506,0.0315060896928352,0.0981993773352029,0,30.5500918784802,27.2303152276854
57,0.76322511774524,0.781754273192389,0.0185291554471494,0.0936868482798546,0,32.0215703173045,28.5418930094907
58,0.770452688716171,0.789105158361225,0.0186524696450536,0.0959070768246447,0,31.2802777368052,27.881154222739
59,0.763061434379939,0.792973242676265,0.0299118082963256,0.097701441489802,0,30.7057905620884,27.3690946543415
60,0.767716823889578,0.804666320004207,0.0369494961146291,0.100342900767913,0,29.8974813070117,26.6486216716497
61,0.757085977976328,0.784754874692348,0.0276688967160205,0.0874360339532633,0,34.310796868984,30.5823569425544
62,0.755428973914476,0.785065569925008,0.0296365960105321,0.0797369242284834,0,37.6237236265046,33.5352789924245
63,0.770643009701241,0.786317753412303,0.0156747437110615,0.0851251057235557,0,35.2422469787294,31.4125894737075
64,0.761315822123458,0.767638398929746,0.0063225768062878,0.091864322237401,0,32.656856622174,29.1081448692311
65,0.762984393182722,0.783628054848596,0.0206436616658746,0.0746404536519,0,40.192681759292,35.8250770081156
66,0.767707161225696,0.805647169780142,0.037940008554446,0.0911221160636201,0,32.9228526465018,29.3452359922486
67,0.756941570787801,0.781306017063966,0.0243644462761643,0.0800965581110806,0,37.4547929492738,33.384705448786
68,0.760351422959693,0.782850536611777,0.0224991136520847,0.0761145311473916,0,39.4142873217029,35.1312680994112
69,0.760191844444033,0.795305314655338,0.0351134702113053,0.102256634257312,0,29.3379497749848,26.1498925661031
70,0.768468943289536,0.797399811501772,0.0289308682122353,0.0863403292717465,0,34.7462191226749,30.9704633113442
71,0.7675885597502,0.80234005262346,0.0347514928732595,0.0927861173102271,0,32.332423071111,28.818966430717
72,0.765802511821884,0.799967389170905,0.0341648773490208,0.0926968928479417,0,32.3635443198851,28.8467058371242
73,0.765828088112676,0.790322578452208,0.0244944903395326,0.108829250532347,0,27.5661183489297,24.5706001550127
74,0.755930472917804,0.786622619318566,0.0306921464007624,0.0854708747301753,0,35.099675877552,31.285511098858
75,0.770457301168789,0.775375777486219,0.00491847631743053,0.0975112180254461,0,30.7656909712392,27.4224858856978
76,0.772659004278846,0.79574766780244,0.0230886635235941,0.0908658785439225,0,33.0156935482649,29.4279881826868
77,0.771729147232996,0.813618243738425,0.041889096505428,0.11932165378248,0,25.1421255480495,22.4100145718281
78,0.781343452661162,0.798833387305018,0.0174899346438553,0.108122093831312,0,27.7464105040407,24.7313005626016
79,0.776467436135325,0.784518870614923,0.0080514344795982,0.0920491126188731,0,32.5912973482039,29.0497097030324
80,0.785856450953871,0.807105454651261,0.0212490036973903,0.112626184843493,0,26.636789696542,23.7422585495178
81,0.762430358324337,0.793477837797131,0.0310474794727936,0.0896299659655859,0,33.470948780142,29.8337723460333
82,0.764911635172046,0.790943851651078,0.0260322164790319,0.0863267712101673,0,34.7516761943562,30.9753273812361
83,0.758014862901066,0.781177593588375,0.0231627306873089,0.0828549011455512,0,36.2078761608791,32.2732869513969
84,0.765316886372862,0.815618647636126,0.0503017612632644,0.0987894723601054,0,30.367608291949,27.0676615242239
85,0.761174083085237,0.788701639022656,0.0275275559374183,0.0812996380642853,0,36.9005332794697,32.8906753297673
86,0.77300269092667,0.803389495951505,0.0303868050248341,0.0911992106467604,0,32.895021554735,29.3204292124538
87,0.770301870505246,0.785261122164499,0.0149592516592534,0.0941586541226964,0,31.8611181091305,28.3988766079384
88,0.772664952232167,0.781461500640603,0.00879654840843536,0.0832673051441356,0,36.0285467964527,32.1134447112382
89,0.760640864751507,0.78452693005836,0.0238860653068528,0.0771362041309971,0,38.8922430627417,34.6659526499238
90,0.760901070133253,0.782161993250876,0.0212609231176223,0.0901090555018772,0,33.2929912902872,29.6751529034093
91,0.768826504422352,0.798419705975744,0.0295932015533921,0.0967759834194371,0,30.9994266552445,27.6308222920413
92,0.76471700311816,0.781334680008996,0.016617676890836,0.0909761859907553,0,32.9756624475865,29.3923071282821
93,0.759987189202333,0.787116372769392,0.027129183567058,0.0796120651642868,0,37.6827305485572,33.5878738289473
94,0.767656695397079,0.794091080384782,0.0264343849877034,0.0954765308423339,0,31.421334369114,28.0068827010036
95,0.763983328580883,0.791223869629236,0.0272405410483526,0.0932184465320315,0,32.1824715129655,28.6853096085566
96,0.764706192202533,0.810618467702951,0.0459122755004176,0.0959233759716277,0,31.2749626419252,27.8764167015026
97,0.759880208285729,0.79759224807895,0.0377120397932213,0.0966170898954149,0,31.0504073683798,27.6762631010158
98,0.76993530609262,0.781640722449849,0.0117054163572294,0.0847892327661518,0,35.3818509983925,31.5370231899005
99,0.765683321367712,0.782267886662521,0.0165845652948097,0.0930079713291286,0,32.2552998106351,28.7502238978794
100,0.758815337483178,0.760830170561948,0.00201483307877073,0.0556448782447960,0,53.9133177145654,48.0547371895827
101,0.769804642926044,0.78534617317014,0.0155415302440953,0.0741409754671399,0,40.4634546699434,36.0664259291429
102,0.76776809063979,0.791647828284815,0.0238797376450249,0.0969734538399951,0,30.9363014433822,27.5745566865347
103,0.772384102141389,0.79919340613779,0.0268093039964009,0.0985175819776494,0,30.451417298088,27.1423632850291
104,0.768199548651935,0.782687704886823,0.014488156234888,0.0961965012239404,0,31.1861654200516,27.7972687777393
105,0.772130549400336,0.78454379321236,0.0124132438120244,0.0920821175700319,0,32.5796156644463,29.0392974289098
106,0.755760566268912,0.781097523264413,0.0253369569955014,0.0844483314515059,0,35.5246805761075,31.6643319535038
107,0.768305855300231,0.784755487123389,0.0164496318231578,0.0903163636023533,0,33.2165720622728,29.6070378981725
108,0.763304249833874,0.776370193966481,0.013065944132607,0.079931652539681,0,37.5320652667689,33.4535808411133
109,0.759312343344071,0.811479222074547,0.0521668787304756,0.0929297609898683,0,32.2824460974034,28.7744202881522
110,0.763657955082299,0.800085676504246,0.036427721421947,0.0888254811587715,0,33.7740923084631,30.1039742776101
111,0.772407512159409,0.786562094099152,0.0141545819397432,0.0984303850270316,0,30.4783934267464,27.1664080077067
112,0.77078529377984,0.803560526040611,0.0327752322607713,0.0853325780111668,0,35.156561185898,31.3362148703638
113,0.748549679601285,0.748549679601285,0,0.037633801812839,0,79.7155709890712,71.0531456082588
114,0.758455461516892,0.792524588085771,0.0340691265688793,0.0808035125827047,0,37.1270988613201,33.0926207850567
115,0.766644459165667,0.7811778316052,0.0145333724395336,0.0646735450014983,0,46.3868185968544,41.3461176426629
116,0.760940198767862,0.808103437916238,0.0471632391483761,0.0920139595926799,0,32.6037485320723,29.0608078582538
117,0.767291952919536,0.776205737860933,0.0089137849413967,0.0864274876281357,0,34.7111790742761,30.9392309482048
118,0.753778983000508,0.780007810041732,0.0262288270412232,0.0667722274787699,0,44.9288590972024,40.0465897419731
119,0.776066666132618,0.798531733550466,0.0224650674178482,0.0842429607430284,0,35.6112839997527,31.7415244717795
120,0.766325000768584,0.776561206151259,0.0102362053826749,0.0902862254037498,0,33.2276599955789,29.616920942726
121,0.770999644010221,0.796850813458129,0.0258511694479086,0.0896160856972341,0,33.4761329582664,29.8383931768014
122,0.772171073920576,0.807043119445419,0.0348720455248426,0.095231334563278,0,31.5022362519408,28.0789932458966
123,0.773106383050271,0.805360677259402,0.0322542942091317,0.104728281781787,0,28.6455573314077,25.5327401013947
124,0.765356828240966,0.767183127095117,0.00182629885415078,0.0846593393716913,0,35.4361376106267,31.5854106569386
125,0.775590438857644,0.803210471763293,0.0276200329056494,0.0967895582893511,0,30.9950789426225,27.6269470308575
126,0.773943154378212,0.799843531831974,0.0259003774537618,0.0943522449884921,0,31.7957458284739,28.3406081151131
127,0.768386439032719,0.779044920005684,0.010658480972965,0.066269684150528,0,45.2695684075642,40.3502753072756
128,0.763976515985907,0.791215313136552,0.0272387971506447,0.0896331695389096,0,33.4697524971234,29.8327060591026
129,0.770391049375039,0.796599356759778,0.0262083073847396,0.104681126863045,0,28.6584610798555,25.5442416425112
130,0.769830383403499,0.781289423789115,0.0114590403856157,0.0955452756317245,0,31.3987267310148,27.9867317595778
131,0.772068705080947,0.81304896383966,0.0409802587587131,0.0966056550317952,0,31.054082693323,27.6795390406485
132,0.746569734497283,0.774473139949188,0.027903405451905,0.0826193650906128,0,36.3110996642222,32.36529350071
133,0.761219472226697,0.775428468361906,0.014208996135209,0.0761072443618229,0,39.4180609895379,35.1346316953415
134,0.762125321276857,0.770916872062128,0.00879155078527039,0.0867632821380678,0,34.5768385666422,30.8194887757337
135,0.763596760469383,0.807777001971183,0.0441802415017998,0.107671306831692,0,27.8625762821797,24.8348429928495
136,0.765064148060567,0.778374911249707,0.0133107631891396,0.0866184198519753,0,34.6346655264179,30.8710318725472
137,0.768845617375255,0.813234892676292,0.0443892753010376,0.102982285989502,0,29.1312236000066,25.9656306354725
138,0.765091162644566,0.804639767842664,0.0395486051980975,0.0931319921298855,0,32.2123464922353,28.7119381734124
139,0.767448472774567,0.777835103995332,0.0103866312207645,0.100770739538168,0,29.7705466264215,26.5354805596837
140,0.769768811452504,0.773014600767985,0.00324578931548042,0.0819998871909764,0,36.58541618494,32.6098009595098
141,0.762838416125539,0.807576998887023,0.0447385827614838,0.102398514181508,0,29.2973001022485,26.1136601578041
142,0.768259827925171,0.782576456789429,0.0143166288642579,0.0932058152442377,0,32.1868328938357,28.6891970527055
143,0.766576486943273,0.79131325893496,0.0247367719916871,0.103711305697908,0,28.9264509766993,25.7831099705646
144,0.749809182122367,0.774550474709778,0.024741292587411,0.0604354569689881,0,49.6397338658235,44.245549452404
145,0.765119743548455,0.774353397248628,0.00923365370017344,0.0847657711420554,0,35.3916440513757,31.5457520644596
146,0.77645101943262,0.787492651287731,0.0110416318551109,0.0949893942734882,0,31.5824732112994,28.1505111223382
147,0.767130124607584,0.796961454089911,0.029831329482327,0.0954598045956262,0,31.426839942824,28.0117900023705
148,0.765088124146883,0.806368752689345,0.0412806285424623,0.0919213245694177,0,32.6366054237441,29.0900943010306
149,0.77488649146095,0.790305933307435,0.0154194418464849,0.10057807187862,0,29.8275751758344,26.586312006727
150,0.757852311141258,0.767815683008975,0.00996337186771746,0.0728821276444761,0,41.1623548455418,36.6893789523263
151,0.77194380997915,0.77194380997915,0,0.0857770488509881,0,34.9743904714139,31.1738400401869
152,0.759161829787836,0.785082547167464,0.0259207173796277,0.0776489467349609,0,38.6354242542387,34.4370414852781
153,0.770844255442807,0.792327320065505,0.0214830646226987,0.102948247012229,0,29.1408555955658,25.974215954181
154,0.768967985495501,0.810268176902388,0.0413001914068871,0.09979537494318,0,30.0615133888529,26.7948289339309
155,0.767533756834478,0.799514298858558,0.0319805420240804,0.0975529872889824,0,30.7525180250305,27.4107443996438
156,0.760216706936286,0.790434790913498,0.0302180839772124,0.0810144487792507,0,37.0304315489999,33.0064579873419
157,0.765510406250644,0.788572035512107,0.0230616292614632,0.0881314862463116,0,34.0400477488323,30.3410292267925
158,0.768733214677579,0.804381173815785,0.0356479591382064,0.102028803112456,0,29.4034616547782,26.2082854882923
159,0.770146323246828,0.777536580207722,0.00739025696089382,0.089238778066019,0,33.6176723282853,29.9645519352783
160,0.760091836664397,0.784023163356997,0.0239313266925997,0.0871078396307392,0,34.440068915925,30.6975814270611
161,0.765028473385797,0.788497038956549,0.0234685655707519,0.0677268617150197,0,44.2955708271759,39.4821187972894
162,0.771577202795594,0.788108399032733,0.0165311962371389,0.101460770397497,0,29.5680782655875,26.355013760727
163,0.77334906279888,0.791950690063494,0.0186016272646143,0.101010212987612,0,29.6999670752889,26.4725706531075
164,0.767213045036678,0.805836518390934,0.0386234733542554,0.107480940934344,0,27.9119253508638,24.8788294627366
165,0.767417288177088,0.7917546014798,0.0243373133027114,0.0950917142569186,0,31.5484900387284,28.1202207878532
166,0.757880309642006,0.786859121894188,0.0289788122521818,0.0810331041853214,0,37.0219064191229,32.9988592549115
167,0.766060682427206,0.785432105167016,0.0193714227398093,0.0892052758850437,0,33.6302978746012,29.9758055055612
168,0.768126670581406,0.814625686503078,0.0464990159216721,0.0981572975464892,0,30.5631886266953,27.2419887959277
169,0.763180154917472,0.78956040555832,0.026380250640847,0.0915928042365832,0,32.7536647120338,29.1944331466595
170,0.768506627936465,0.791980428600127,0.0234738006636618,0.0971270359967063,0,30.8873834068378,27.5309544099614
171,0.775558719349809,0.805951917236126,0.030393197886317,0.108749823216949,0,27.5862517405218,24.5885457180518
172,0.758300001387193,0.790096762852315,0.031796761465122,0.0838219392280019,0,35.7901526453567,31.9009560578946
173,0.751399341284808,0.786414496247312,0.0350151549625038,0.0824204954271496,0,36.3987135050851,32.4433866375326
174,0.762604169955588,0.790399454411413,0.0277952844558254,0.0794864801560977,0,37.7422675417067,33.6409411355079
175,0.76027247501324,0.78911437923126,0.02884190421802,0.089894918576211,0,33.3722978730624,29.7458415041896
176,0.757258423194949,0.764969649910811,0.00771122671586187,0.0688158614303005,0,43.5946006872053,38.8573207458623
177,0.754215888739042,0.777353585651637,0.0231376969125943,0.0697754658597015,0,42.9950551105189,38.3229257885092
178,0.761791552370584,0.78724647900696,0.0254549266363757,0.0844695013796054,0,35.5157773042606,31.656396170531
179,0.772130520125295,0.792567873761311,0.0204373536360158,0.100551960314364,0,29.8353208691392,26.5932160013594
180,0.763798253292098,0.781061334931808,0.0172630816397095,0.0879237904197997,0,34.1204580202496,30.4127015820492
181,0.757221750373148,0.793985101107166,0.0367633507340183,0.0908732361031385,0,33.0130204298556,29.4256055431446
182,0.77415902271281,0.789341145747814,0.0151821230350045,0.0863278993043142,0,34.7512220750873,30.9749226095945
183,0.760139985472191,0.776644367348952,0.0165043818767616,0.0732749507112064,0,40.9416856767833,36.4926891665729
184,0.77034226702159,0.796203443570118,0.0258611765485279,0.0939296244627743,0,31.938805431815,28.4681219082244
185,0.757003036754681,0.788163444340922,0.031160407586241,0.0718195325820265,0,41.7713662585264,37.2322111250999
186,0.773963993115798,0.804808270843946,0.0308442777281479,0.100625432187266,0,29.8135365462773,26.5737989082485
187,0.763857096354224,0.784058235589416,0.0202011392351912,0.0920131696525125,0,32.6040284377714,29.0610573475336
188,0.752306641726899,0.789102321846981,0.0367956801200824,0.0733946229237428,0,40.8749289865145,36.4331867033133
189,0.770679397044391,0.797662503676542,0.0269831066321513,0.0885866284339989,0,33.8651560967255,30.185142467548
190,0.759647361134178,0.795798057853842,0.0361506967196644,0.0836581533517607,0,35.860222582081,31.9634117281615
191,0.76987354747781,0.788191309186577,0.0183177617087669,0.0936298640059715,0,32.0410590344195,28.5592639526792
192,0.770414200439638,0.800002579022559,0.0295883785829213,0.100958967105135,0,29.7150425169853,26.4860078968062
193,0.760827012231173,0.787729586842767,0.0269025746115934,0.10329759951093,0,29.042301217102,25.8863711515103
194,0.76779850612333,0.79284444565077,0.0250459395274406,0.0964096393652855,0,31.1172204330454,27.7358158126545
195,0.780212035201933,0.794924854917368,0.0147128197154342,0.107024097968792,0,28.0310701695873,24.9850272111588
196,0.771203973538732,0.777398533869913,0.00619456033118135,0.0838746997562708,0,35.7676392132266,31.8808890853893
197,0.762601450863806,0.808742672512221,0.0461412216484147,0.106259419591079,0,28.2327911402581,25.1648278363501
198,0.765975009907076,0.782937288388367,0.0169622784812912,0.076702205722738,0,39.112304160383,34.8621004416214
199,0.759201106585249,0.759201106585249,0,0.0716547071060265,0,41.8674518557579,37.3178554207655
200,0.768230335402112,0.786324997334377,0.0180946619322649,0.0833204632404797,0,36.0055607389195,32.0929564719569
201,0.767568696015065,0.787348831179371,0.019780135164306,0.0930913576424838,0,32.22640721947,28.7244709682876
202,0.762747253642115,0.784995405827606,0.0222481521854917,0.079945159183531,0,37.5257242669674,33.4479288966236
203,0.763729529631824,0.786605953855283,0.0228764242234587,0.0627253933307398,0,47.8275199356907,42.6302627693456
204,0.765241325523077,0.772646350665597,0.0074050251425201,0.0765188287427828,0,39.2060365963581,34.9456472862205
205,0.773140945806849,0.782622049958197,0.00948110415134771,0.0748407903937781,0,40.0850924237353,35.7291790470228
206,0.762664414531215,0.791441769895116,0.0287773553639007,0.0870157655340566,0,34.4765110274855,30.7300634958321
207,0.776697025300789,0.792339453073992,0.0156424277732028,0.101021713530597,0,29.6965859630897,26.4695569551006
208,0.766802623783854,0.79515796439295,0.0283553406090968,0.0876160127259698,0,34.2403164291769,30.5195353772064
209,0.757367162596934,0.790850094376492,0.0334829317795577,0.0875354917111156,0,34.2718129681683,30.547609292294
210,0.762595099192078,0.783640708282146,0.0210456090900679,0.0942155751638006,0,31.8418689774412,28.3817192152259
211,0.762190632710254,0.791091384318756,0.0289007516085015,0.0992905016157304,0,30.214370470304,26.9310755458643
212,0.771183238906128,0.784696949564049,0.0135137106579206,0.0846021826639667,0,35.4600780445082,31.6067495636717
213,0.767060818893155,0.789751289055096,0.0226904701619415,0.0902458475770057,0,33.2425267261204,29.6301721552153
214,0.766133132948658,0.790817603478104,0.0246844705294464,0.0970386185940317,0,30.9155266580074,27.5560394278373
215,0.769181113160626,0.812109637219613,0.0429285240589863,0.103113848108727,0,29.0940553090084,25.9325012987628
216,0.767412337313193,0.798379876119489,0.0309675388062963,0.105552404584251,0,28.4219010624758,25.3333878136867
217,0.76912964304366,0.771377785752126,0.00224814270846573,0.0732053755217365,0,40.9805971025888,36.5273722174408
218,0.752516583039655,0.781413290072552,0.0288967070328968,0.0784244945803897,0,38.2533545935042,34.0964900610101
219,0.758854621351775,0.794689707364972,0.0358350860131973,0.0794503429036265,0,37.7594342624677,33.6562424059462
220,0.74715647182263,0.765409451706747,0.0182529798841166,0.0693108866822401,0,43.2832437096596,38.5797978932099
221,0.771732823069476,0.799351784357222,0.0276189612877458,0.0979981962886855,0,30.6128083333547,27.2862164944635
222,0.765346477542406,0.78402533408197,0.0186788565395641,0.0886609318786692,0,33.8367749631308,30.1598454171373
223,0.761010420535396,0.779922042970157,0.0189116224347614,0.0858965395110011,0,34.9257376033848,31.1304741171503
224,0.774608456120445,0.774608456120445,0,0.095651028797369,0,31.3640118430437,27.9557892227663
225,0.757340555065247,0.805936193983936,0.0485956389186889,0.101711060661369,0,29.4953172299326,26.2901594242799
226,0.778317073437518,0.79327718551153,0.0149601120740118,0.109546871408775,0,27.3855379110323,24.4096427913668
227,0.772929116654784,0.795996071369305,0.0230669547145212,0.0995313899346811,0,30.1412449074487,26.8658962941726
228,0.776324051474673,0.810563752144548,0.0342397006698747,0.118841198856362,0,25.2437709217825,22.5006144816155
229,0.77744428518749,0.800243077103216,0.0227987919157257,0.0963577764978542,0,31.1339687260925,27.7507441245237
230,0.759713364551378,0.797056804296701,0.0373434397453231,0.091660576438282,0,32.7294472342752,29.172847301484
231,0.761486769439866,0.77380974155802,0.0123229721181539,0.075641004769555,0,39.6610278927373,35.3511961950599
232,0.77559285674415,0.798018884079598,0.0224260273354485,0.101439922679305,0,29.5741550344463,26.3604301873698
233,0.749713635439152,0.792536842382777,0.0428232069436252,0.0857730424000397,0,34.976024121987,31.1752961673977
234,0.744261957699515,0.775361254911968,0.0310992972124537,0.0779955813751746,0,38.4637173940584,34.2839934372374
235,0.767455195068764,0.800459306821888,0.0330041117531238,0.100267758234716,0,29.9198870386362,26.6685926471044
236,0.772446336403554,0.79158121487609,0.0191348784725363,0.107158160632428,0,27.9960012592091,24.9537691223751
237,0.759316398285312,0.780269166317657,0.0209527680323446,0.0709491189011507,0,42.2838232026493,37.6889810812947
238,0.758094131357286,0.785543605194419,0.0274494738371329,0.0619696336153874,0,48.4108074386789,43.1501663636758
239,0.769504028064982,0.799973320528377,0.0304692924633955,0.0813216473076506,0,36.8905463590845,32.8817736547306
240,0.768860576702055,0.78779969738954,0.0189391206874846,0.0800285003720395,0,37.4866452083131,33.4130964290098
241,0.760866188575816,0.774074560761508,0.0132083721856917,0.0605160395969218,0,49.5736340312759,44.1866324665439
242,0.771326558775572,0.792065690487634,0.0207391317120621,0.0800721380106438,0,37.4662157715985,33.3948869910848
243,0.757667448235069,0.807421990367944,0.049754542132875,0.10552272232302,0,28.4298957983341,25.3405137882484
244,0.769570861480285,0.806812768020117,0.0372419065398319,0.100112207894474,0,29.9663753611571,26.710029238578
245,0.773434892750967,0.780422073001796,0.00698718025082899,0.0991273272244033,0,30.2641066192437,26.9754070332859
246,0.76479167625135,0.796767859930405,0.0319761836790553,0.0975340602126258,0,30.7584857378023,27.4160636209611
247,0.763843312624482,0.786755330594165,0.0229120179696836,0.0810089636513357,0,37.032938884542,33.0086928590884
248,0.766786683705421,0.804091784131085,0.0373051004256641,0.112545694120721,0,26.6558398652026,23.7592385998506
249,0.762280862073981,0.78663243780248,0.0243515757284988,0.100347677043809,0,29.8960582683971,26.647353269898
250,0.765332981129751,0.780428289021693,0.0150953078919417,0.0947512307946174,0,31.6618578443883,28.2212692919647
251,0.764652304064802,0.774258469213098,0.00960616514829625,0.0725187245267286,0,41.3686260973092,36.8732353947349
252,0.760425869726146,0.781935480247099,0.0215096105209532,0.0763174114832787,0,39.3095093464655,35.037875997483
253,0.765377724822259,0.779782689040362,0.0144049642181038,0.093661456974396,0,32.0302512571431,28.5496306205335
254,0.757589848222929,0.78549904805442,0.0279091998314907,0.0767703645376764,0,39.0775791943478,34.8311489218953
255,0.750900133218446,0.788209574117708,0.0373094408992623,0.0829392078223496,0,36.171071303524,32.2404815552077
256,0.768778461477663,0.7708606459318,0.00208218445413762,0.0895042081336862,0,33.5179771158816,29.8756902692892
257,0.765069637774426,0.797766522073372,0.0326968842989456,0.0838046738164703,0,35.7975261209167,31.9075282824438
258,0.768074951588919,0.785467567630485,0.0173926160415652,0.0833377418229638,0,35.9980956332242,32.0863025744138
259,0.760605337535587,0.797915509379476,0.0373101718438891,0.10199760520647,0,29.4124552623289,26.2163017904892
260,0.771236877822717,0.809591304058207,0.0383544262354903,0.111801241173667,0,26.833333588309,23.9174446717128
261,0.75974020889673,0.797653468166746,0.0379132592700163,0.0971377120589574,0,30.8839886838097,27.527928580169
262,0.760492062505643,0.777859962632301,0.0173679001266579,0.0616879591998139,0,48.6318568309689,43.347195055337
263,0.773361583789239,0.793295834600301,0.0199342508110631,0.093158655372575,0,32.2031268914512,28.7037204359135
264,0.764716108715229,0.808145064326781,0.0434289556115519,0.100732379278209,0,29.7818836554472,26.5455856315552
265,0.765055217394685,0.780307626712337,0.0152524093176525,0.0891740475126251,0,33.6420750619766,29.9863029052418
266,0.767143909336472,0.779158560034788,0.0120146506983163,0.0943090028632735,0,31.810324665921,28.3536027188909
267,0.776737881274373,0.804510492567385,0.0277726112930122,0.101681063452811,0,29.5040187241183,26.2979153560975
268,0.765159731546804,0.800215079582302,0.0350553480354974,0.0929517498454184,0,32.2748092961035,28.7676133525936
269,0.763528360552416,0.781204287284531,0.017675926732115,0.0923654889388079,0,32.4796635027559,28.9502067354564
270,0.765999414043234,0.780010383567842,0.0140109695246075,0.0819092092158136,0,36.6259182419358,32.6459017929787
271,0.7567248946093,0.773406874180338,0.0166819795710381,0.0669295694290734,0,44.8232377048109,39.9524458742214
272,0.769070470640927,0.782745714313357,0.0136752436724304,0.0763538470432989,0,39.290751103854,35.0211561505686
273,0.760987033730437,0.78716022588405,0.0261731921536123,0.0948844617868926,0,31.617400188641,28.1816427014754
274,0.761296718781199,0.814395981053232,0.0530992622720336,0.0866320995392598,0,34.6291965213248,30.8661571660075
275,0.762158994855189,0.79048923893007,0.0283302440748812,0.0699747966808061,0,42.872579018481,38.2137587651394
276,0.76980275875339,0.782544162740458,0.0127414039870676,0.0999270985044946,0,30.0218864041676,26.7595080815814
277,0.761353086582728,0.77270542552641,0.0113523389436824,0.068000323041791,0,44.1174374738821,39.3233426017202
278,0.76627813574723,0.786532226456905,0.0202540907096758,0.0816141463354545,0,36.7583333858477,32.7639278245856
279,0.76165776888985,0.808525366891033,0.0468675980011829,0.0970006668151673,0,30.9276224432192,27.5668208043894
280,0.762145903260707,0.791819189562986,0.0296732863022789,0.0800562356925948,0,37.4736580360785,33.4015205294913
281,0.763513200965971,0.780321496006365,0.0168082950403939,0.080721704197747,0,37.1647257675679,33.1261589008255
282,0.774083949336263,0.788888551085276,0.0148046017490134,0.0945199123061262,0,31.7393438779731,28.2903351765667
283,0.773466510954206,0.80229860618448,0.0288320952302736,0.0980914613407203,0,30.5837017717527,27.2602728458889
284,0.772447722128083,0.77883701949849,0.00638929737040673,0.0926616843429424,0,32.3758414416141,28.8576666716254
285,0.762883237951935,0.793102526780837,0.0302192888289017,0.0889434062825392,0,33.7293131147929,30.064061089652
286,0.765205891715149,0.79044761746274,0.0252417257475915,0.0902444668558162,0,33.2430353297239,29.6306254905606
287,0.768158380237195,0.793360385359664,0.0252020051224691,0.0963679467299261,0,31.1306829895171,27.7478154379896
288,0.758718508093005,0.802596424525138,0.0438779164321333,0.107986692398284,0,27.7812009366412,24.7623104348595
289,0.767938630504428,0.792199603931673,0.0242609734272444,0.0876084976833929,0,34.2432535579101,30.5221533379505
290,0.7686538981431,0.774373850284879,0.0057199521417786,0.0824711883353854,0,36.3763401565151,32.4234445261738
291,0.769364366336886,0.788575491262755,0.0192111249258692,0.100563697858656,0,29.8318385648125,26.5901121074362
292,0.779874410441576,0.798009881348621,0.0181354709070451,0.096596334677793,0,31.0570790290005,27.6822097745158
293,0.767839778216497,0.805384099236078,0.0375443210195812,0.100282665850362,0,29.9154392692001,26.664628201947
294,0.770130190817245,0.803325812502731,0.0331956216854853,0.11176086528398,0,26.8430276767912,23.9260853359132
295,0.763578562908544,0.787229848840286,0.023651285931743,0.0958391958847477,0,31.302432916984,27.9009018733384
296,0.768924656354745,0.805808934183082,0.0368842778283368,0.096891507164762,0,30.9624660384172,27.5978780622425
297,0.769665516667586,0.778835876355581,0.00917035968799508,0.0903683262090963,0,33.1974722322347,29.5900135829985
298,0.757245366363941,0.792151069392586,0.0349057030286449,0.098000536505867,0,30.6120773106217,27.2855649095341
299,0.763770722793758,0.79255792716182,0.0287872043680622,0.0958414114963908,0,31.3017092837054,27.900256874876
300,0.763216027592587,0.80093013681622,0.0377141092236329,0.100698937521828,0,29.7917741123108,26.5544013254397
301,0.769331151488128,0.783355737849025,0.014024586360897,0.0965818046697207,0,31.0617513335877,27.6863743553378
302,0.765994550099466,0.802345185993432,0.0363506358939665,0.0994080340703353,0,30.1786473101095,26.899234302411
303,0.767117031130875,0.781556482644703,0.0144394515138281,0.0950464321073659,0,31.5635204129615,28.1336178614197
304,0.773676059370878,0.78588426513289,0.0122082057620123,0.101483499237302,0,29.561456025329,26.3491111372433
305,0.761010728278197,0.786629470187029,0.025618741908832,0.0761771186907427,0,39.3819043245668,35.1024040546305
306,0.763235176670115,0.781878826792713,0.0186436501225973,0.0848163666773691,0,35.3705318622245,31.5269340665294
307,0.763996835688622,0.787365156852445,0.0233683211638235,0.0822934317843626,0,36.4549142617001,32.493480245262
308,0.771519428968324,0.794249655970392,0.0227302270020676,0.101854393595091,0,29.4538104259508,26.2531630263309
309,0.755274591164763,0.782546828890062,0.0272722377252989,0.0803369458204146,0,37.3427190860131,33.2848102786664
310,0.761052711472161,0.769009898254683,0.00795718678252104,0.076498137563994,0,39.2166410259383,34.9550993677863
311,0.762970546524902,0.791247176110461,0.0282766295855587,0.0933421467306827,0,32.1398222033163,28.6472948572226
312,0.765113405999986,0.8001232034486,0.0350097974486149,0.100994683486317,0,29.7045339065441,26.476641222033
313,0.763064709064242,0.776456601161489,0.0133918920972469,0.069414344556851,0,43.2187326575269,38.5222970420756
314,0.759328331330672,0.791920108443965,0.0325917771132929,0.0752025107875566,0,39.8922850923801,35.5573234456748
315,0.768013125438156,0.796150685963523,0.0281375605253668,0.0975062896827373,0,30.7672459875286,27.4238719235505
316,0.76363199917689,0.766231638850633,0.00259963967374333,0.0664690243785148,0,45.1338052280741,40.2292650599568
317,0.761959235100497,0.7982778256641,0.0363185905636037,0.0919198186288939,0,32.6371401156898,29.0905708897848
318,0.759932925894346,0.784233014439889,0.0243000885455429,0.0874782560491863,0,34.2942364821858,30.5675961177883
319,0.767745466496516,0.785819306701782,0.0180738402052661,0.0673547318970226,0,44.5403005179598,39.7002545283415
320,0.776648779721659,0.810674431579055,0.0340256518573964,0.122934240296071,0,24.403290676177,21.7514664226991
321,0.776831708201203,0.802450108464732,0.0256184002635296,0.088265771027951,0,33.9882602855188,30.2948693344924
322,0.762474843244234,0.787373221591648,0.0248983783474141,0.0729615359556074,0,41.1175554449034,36.6494477532239
323,0.767147303657024,0.784960515828399,0.0178132121713746,0.0907287268211883,0,33.0656023192359,29.4724735338789
324,0.767139648122427,0.797081010144814,0.0299413620223865,0.11127059722329,0,26.9613004231459,24.0315057771641
325,0.764846717674092,0.784202582491125,0.019355864817033,0.0809269921323664,0,37.0704498085523,33.042127596023
326,0.767845354748705,0.78951714830786,0.0216717935591548,0.0970330037871585,0,30.9173155824433,27.5576339558178
327,0.756570327835809,0.771276427279954,0.0147060994441456,0.0727076323022638,0,41.2611428127415,36.7774319604235
328,0.773354509569048,0.79201303939743,0.0186585298283825,0.0961383235501069,0,31.2050375877047,27.8140901698408
329,0.771361696062131,0.795901174962731,0.0245394789006002,0.09975711811529,0,30.0730419711291,26.8051047435997
330,0.771318439748884,0.785714708791261,0.0143962690423771,0.0917760457444141,0,32.688268225836,29.1361430786285
331,0.756715468858661,0.787895819258286,0.0311803503996257,0.0754668745058367,0,39.7525406960901,35.432764607115
332,0.769629114510021,0.782699637746497,0.0130705232364762,0.07432434694835,0,40.3636240771114,35.9774435940653
333,0.767152725225151,0.790118016667611,0.0229652914424597,0.0819765268760011,0,36.5958416918278,32.6190935613158
334,0.76532759233263,0.793055593894444,0.0277280015618142,0.0886727513595758,0,33.832264748781,30.1558253127468
335,0.765594429474911,0.766481921293554,0.000887491818643534,0.0860380652665116,0,34.8682875504836,31.0792669699977
336,0.761299415347271,0.78500645010833,0.0237070347610591,0.0793234192133327,0,37.8198523179112,33.7100950326982
337,0.754035629943964,0.792088362676777,0.0380527327328133,0.0803166279805898,0,37.352165739889,33.2932303961544
338,0.764642603671745,0.792143262771596,0.0275006590998507,0.0883250030941307,0,33.9654672505678,30.2745531426728
339,0.759897721810636,0.7925861350335,0.0326884132228646,0.0692960155515978,0,43.2925324222458,38.5880772323618
340,0.766374098112668,0.794608415894566,0.0282343177818985,0.0965105167711276,0,31.0846952266811,27.7068250120485
341,0.780568271288214,0.789627289555625,0.00905901826741094,0.100281218536498,0,29.915871025322,26.6650130405703
342,0.755353321356633,0.784497670652287,0.0291443492956542,0.0795566235472278,0,37.7089909832471,33.6112806297343
343,0.767324685568526,0.80343552188428,0.0361108363157534,0.0991224176480652,0,30.2656056135709,26.9767431368962
344,0.78592703209768,0.801519260591373,0.0155922284936931,0.112618324395947,0,26.6386488707868,23.7439156934947
345,0.762616668324878,0.811343890719317,0.0487272223944391,0.10613123795389,0,28.2668897285773,25.1952210447386
346,0.761204876233505,0.79576239966149,0.0345575234279852,0.0733169535865473,0,40.9182304125421,36.4717827077126
347,0.764998626114388,0.791799577111629,0.0268009509972406,0.103373458059613,0,29.0209891040888,25.8673749547778
348,0.769148793055312,0.78637316525365,0.0172243721983376,0.0747070080782448,0,40.156875200489,35.7931614287025
349,0.761711433101897,0.791795828706694,0.0300843956047968,0.0681270607260993,0,44.0353652135576,39.250188860351
350,0.773311130413017,0.78673914781841,0.0134280174053935,0.100803961667034,0,29.7607350979847,26.526735217337
351,0.759457055213451,0.774806240734233,0.0153491855207813,0.0832304417859184,0,36.0445040976289,32.1276679856866
352,0.774825587525378,0.820555398444754,0.0457298109193758,0.114906299026777,0,26.1082292738442,23.2711350260865
353,0.763773567107572,0.790197391798779,0.0264238246912073,0.0818365145454528,0,36.6584527293592,32.6749008661022
354,0.765245979890113,0.794870082665361,0.0296241027752486,0.0866407253966166,0,34.6257488757954,30.8630841646257
355,0.74935645677766,0.781891571105738,0.0325351143280777,0.0808616691798588,0,37.1003966456241,33.068820210133
356,0.769054267835227,0.776887500136383,0.0078332323011556,0.0971060176959647,0,30.8940688865739,27.5369134008995
357,0.760764908275616,0.791060807379538,0.0302958991039228,0.081789798269704,0,36.6793911155939,32.6935639476994
358,0.760603124104652,0.790204968895322,0.02960184479067,0.0888195661654866,0,33.7763415147792,30.1059790701732
359,0.76433243737339,0.792071738595536,0.0277393012221456,0.0810229805138695,0,37.026532237807,33.0029824012987
360,0.766891964544282,0.80263082522853,0.0357388606842482,0.0951550436431067,0,31.5274932903394,28.1015056861225
361,0.765365698527456,0.79559604671654,0.0302303481890844,0.0926115241626162,0,32.3933768191992,28.8732965381796
362,0.765562270653389,0.799171461246152,0.0336091905927627,0.0861583970896871,0,34.8195892836439,31.0358605814879
363,0.763614414491694,0.799337837178387,0.0357234226866924,0.0999344821052216,0,30.0196682546599,26.7575309709869
364,0.766624500825329,0.781199550067549,0.0145750492422196,0.0773042374534508,0,38.8077044522491,34.590600568438
365,0.778463793799552,0.810654732518154,0.0321909387186022,0.104069480590927,0,28.8268950989802,25.6943724982243
366,0.757059588184975,0.774183492258382,0.0171239040734062,0.0824133109295716,0,36.4018866146966,32.4462149358996
367,0.755160214172048,0.786545638020722,0.0313854238486741,0.078413138658353,0,38.2588945083685,34.1014279717925
368,0.752477502315265,0.808756976356623,0.056279474041358,0.0862235261717186,0,34.7932882497214,31.0124175932517
369,0.771494681885839,0.792663253954767,0.0211685720689279,0.0930216076218506,0,32.2505714177241,28.7460093236647
370,0.755854413202275,0.773671808549329,0.0178173953470537,0.046323605209078,0,64.7617987947987,57.7243499924306
371,0.759108116330161,0.783578472106144,0.0244703557759822,0.0813718944744744,0,36.8677664367403,32.8614691506145
372,0.758059029963836,0.785560058657084,0.0275010286932485,0.0933212351571838,0,32.147024146723,28.6537141894457
373,0.763290990551542,0.77736971422736,0.0140787236758172,0.0848394482588706,0,35.3609088881165,31.5183567889412
374,0.776372087552452,0.808743498455149,0.0323714109026971,0.108478877198315,0,27.6551534960633,24.6499601494911
375,0.757082553039144,0.783277904137387,0.0261953510982426,0.0786370884942801,0,38.1499373570808,34.0043108309446
376,0.774042066890264,0.799117718840147,0.0250756519498826,0.107309982645564,0,27.9563925558423,24.9184645647741
377,0.761999859583914,0.789841835570817,0.0278419759869031,0.0895492440406385,0,33.5011203292634,29.8606652534834
378,0.769374271327351,0.808020915150411,0.03864664382306,0.0946616603967151,0,31.6918168076429,28.2479727145457
379,0.76236303771634,0.793300397985409,0.0309373602690683,0.0938276403288968,0,31.9735206969291,28.4990647811961
380,0.771062035431989,0.808838597387448,0.0377765619554593,0.0923358466292994,0,32.4900903550936,28.9595005365067
381,0.769108973807928,0.790097425333233,0.0209884515253047,0.0840913979033071,0,35.6754682975964,31.7987340759243
382,0.760909551685212,0.806522385966863,0.0456128342816511,0.0940511740791131,0,31.8975284399585,28.431330349483
383,0.758098628974163,0.786426700338731,0.0283280713645677,0.0922066163574686,0,32.5356261677528,29.0000881241903
384,0.768320970535395,0.774778336250249,0.00645736571485451,0.087869731358361,0,34.1414495483665,30.4314120307773
385,0.771185560324081,0.78504899799693,0.0138634376728498,0.095465172799568,0,31.4250727466716,28.0102148415333
386,0.766955271949433,0.799988451287573,0.03303317933814,0.0997913380289334,0,30.0627294838975,26.7959128799807
387,0.773399988200589,0.790908413109743,0.0175084249091544,0.0959480432337644,0,31.2669221683959,27.8692499594302
388,0.762955997205053,0.776601379562734,0.0136453823576817,0.0894637845528993,0,33.5331219777107,29.8891893894661
389,0.764823185901479,0.786951642554301,0.0221284566528214,0.0765812509003675,0,39.1740793566171,34.917162733198
390,0.777852538480435,0.799054703061767,0.0212021645813323,0.0985252944795427,0,30.4490335791171,27.1402385968531
391,0.768472989268304,0.776738062515976,0.00826507324767219,0.0829704765536239,0,36.1574396654344,32.2283312217906
392,0.757346249254911,0.784752642011696,0.0274063927567852,0.075644042642816,0,39.6594351013961,35.3497764870444
393,0.756170403639271,0.789738086713623,0.0335676830743515,0.0812029020058008,0,36.9444924491208,32.929857602983
394,0.770234264182015,0.778532698682617,0.00829843450060155,0.0879493613463452,0,34.1105376329679,30.4038592101854
395,0.768869698127661,0.778474267780952,0.00960456965329055,0.0949110933387798,0,31.6085285130124,28.173735081265
396,0.773441022033856,0.804509634904423,0.031068612870567,0.0961933171895958,0,31.187197693651,27.7981888776076
397,0.764025054474716,0.774175178654657,0.010150124179941,0.0934112759490205,0,32.1160370578522,28.6260943642322
398,0.763401858532212,0.784856338850271,0.0214544803180587,0.0877470064620421,0,34.1892005318466,30.4739740740526
399,0.763022318967674,0.784520679757462,0.0214983607897878,0.0860099282746984,0,34.8796942420252,31.0894341343918
400,0.757511088294106,0.782391899454833,0.0248808111607273,0.0796283670732257,0,37.675015955573,33.5809975550674
401,0.765424306988477,0.779792995624421,0.014368688635944,0.0838689768022616,0,35.7700798839256,31.883064536539
402,0.761264834441291,0.802558842476354,0.0412940080350624,0.102591988002555,0,29.2420495831047,26.0644135284073
403,0.747383602040803,0.782559568275096,0.0351759662342936,0.0798094198899235,0,37.5895477518534,33.504816896152
404,0.76455769164519,0.78736170028865,0.0228040086434606,0.0773482594449579,0,38.7856174337684,34.5709136726322
405,0.769382212968394,0.781764246367018,0.0123820333986246,0.0802151579170475,0,37.3994152464597,33.3353454563444
406,0.761877590207835,0.789066240671527,0.0271886504636914,0.0891714323224884,0,33.6430617055752,29.9871823335694
407,0.753028726964485,0.784899074879358,0.0318703479148727,0.0880029895087542,0,34.0897510044426,30.3853313952931
408,0.766269557303843,0.780914833383009,0.0146452760791662,0.0989031731228324,0,30.3326971751873,27.0365440821503
409,0.769219783073649,0.797972882275528,0.0287530992018797,0.0919100248943703,0,32.6406178591271,29.0936707184353
410,0.765633282409141,0.781532939651295,0.0158996572421541,0.103320375719899,0,29.0358990576358,25.8806646933728
411,0.772274680796262,0.785733149303023,0.0134584685067611,0.0817470073608285,0,36.6985911393441,32.7106775688687
412,0.767812662174577,0.802070161361648,0.034257499187071,0.103605501281986,0,28.9559913602929,25.8094402991411
413,0.770206142791103,0.78047495217578,0.0102688093846772,0.085106702451998,0,35.2498676786598,31.4193820575788
414,0.757365470922886,0.768273162852826,0.0109076919299403,0.0571405060230191,0,52.5021601802309,46.7969254406458
415,0.763324803351362,0.783527987040409,0.0202031836890475,0.0769150278728139,0,39.0040812955406,34.7656377947585
416,0.765057839059646,0.803030696369842,0.0379728573101967,0.0977635792101019,0,30.6862742162166,27.3516990847211
417,0.763293057142941,0.796466687737126,0.0331736305941849,0.0807389535060045,0,37.1567857858957,33.119081730495
418,0.762947770204097,0.794519347293601,0.0315715770895038,0.0895401923735534,0,33.5045069758648,29.8636838844875
419,0.767314356440575,0.784228193686188,0.0169138372456132,0.0908134083869584,0,33.0347693505448,29.4449910811189
420,0.760731626659597,0.802003652317467,0.0412720256578703,0.0915188067449356,0,32.7801476734836,29.2180382929651
421,0.760654162135706,0.799042670016241,0.0383885078805351,0.105290578087765,0,28.4925779161299,25.3963844492438
422,0.768062649701838,0.808078420520545,0.040015770818707,0.105587713039861,0,28.4123967991185,25.3249163469476
423,0.769325063818837,0.780793946434864,0.0114688826160272,0.0922487677979343,0,32.5207595896709,28.9868370475934
424,0.765899952884684,0.785934152096733,0.0200341992120483,0.081364563208322,0,36.8710883670443,32.8644300978255
425,0.771731026217843,0.785185704158715,0.013454677940872,0.0917844430801967,0,32.6852775843369,29.1334774201723
426,0.763114653085382,0.776271552752482,0.0131568996671001,0.0801440345672625,0,37.4326051364708,33.3649287116409
427,0.7615263070738,0.786521027492149,0.0249947204183492,0.0913142206586178,0,32.8535903648089,29.283500211833
428,0.767883604120412,0.797584700673753,0.029701096553341,0.102426315391025,0,29.2893480405611,26.1065722201535
429,0.762561857127273,0.788914312475586,0.0263524553483129,0.0938433157828204,0,31.9681798855321,28.494304337971
430,0.76518048616366,0.792624496201149,0.0274440100374894,0.0817502112532527,0,36.6971528759277,32.7093955967436
431,0.760784383272213,0.776788222857599,0.0160038395853866,0.0931305416141947,0,32.2128482021278,28.7123853641632
432,0.769301864771826,0.796708810704882,0.027406945933056,0.0809972511850607,0,37.0382939680961,33.013466023563
433,0.77216946504054,0.801670154117079,0.0295006890765387,0.106954595282196,0,28.049285700017,25.0012633206152
434,0.768138637070338,0.790208817564386,0.0220701804940479,0.0964789433500915,0,31.0948679144832,27.715892267776
435,0.77316351838174,0.790577558897964,0.0174140405162237,0.0991733946327389,0,30.2500485247043,26.9628765850198
436,0.757118256503247,0.785901502060153,0.0287832455569057,0.0937172188237433,0,32.0111932220501,28.5326435585874
437,0.76328898618842,0.787653287456069,0.0243643012676484,0.0916431289171724,0,32.7356784458049,29.1784013880274
438,0.760850926984086,0.793422744363988,0.0325718173799015,0.100869710079974,0,29.7413365976908,26.5094446874084
439,0.773762754900099,0.781430817581659,0.00766806268155943,0.0846632225564003,0,35.4345122878057,31.5839619525309
440,0.766196382146686,0.795380806239089,0.0291844240924032,0.089689247137572,0,33.44882575944,29.8140533602475
441,0.760265166121044,0.794352726405708,0.0340875602846643,0.0831390771137691,0,36.084114764646,32.1629742935545
442,0.77009772481912,0.813107964906899,0.0430102400877792,0.10426666540912,0,28.7723788636439,25.6457803604613
443,0.754343710768527,0.793005724660289,0.038662013891762,0.0906963514534942,0,33.0774055617694,29.4829941573905
444,0.76600004955619,0.785984875323694,0.0199848257675038,0.0863170608145174,0,34.7555856477384,30.9788120073508
445,0.772657855482089,0.792009603707169,0.0193517482250792,0.099331423478863,0,30.2019229658818,26.919980670256
446,0.773816422621646,0.799696175499588,0.0258797528779425,0.0947257711679693,0,31.6703676624638,28.2288543764761
447,0.760528593478657,0.777442494666234,0.0169139011875772,0.0865378344615645,0,34.6669178708469,30.8997794622149
448,0.767908809189269,0.787554989902297,0.0196461807130285,0.0990081026743571,0,30.3005503485625,27.0078905440187
449,0.763258657331958,0.793428193178794,0.0301695358468357,0.0872118646404152,0,34.3989893160679,30.6609658103885
450,0.75990510554306,0.796745558934462,0.0368404533914019,0.080067817340205,0,37.4682375473421,33.3966890671976
451,0.76210801114974,0.779285426095462,0.0171774149457218,0.0829630655739652,0,36.1606695611479,32.2312101355032
452,0.768432117811729,0.805943891923244,0.0375117741115147,0.0921590988395189,0,32.5524016377813,29.015040659809
453,0.754920176611154,0.790892152616044,0.0359719760048897,0.066666177598213,0,45.000330123628,40.1102942501937
454,0.758910622479322,0.783317635968511,0.024407013489189,0.0932737985512376,0,32.1633732794964,28.6682867164578
455,0.760196691550491,0.781434711659946,0.0212380201094544,0.0632958212905488,0,47.3964937784598,42.2460747878672
456,0.766663399128759,0.79579194602059,0.0291285468918312,0.102562678680189,0,29.2504060795312,26.0718619522221
457,0.767033590312732,0.778191015113907,0.0111574248011748,0.079472610391269,0,37.7488544195295,33.646812239274
458,0.767483802770778,0.784720333362231,0.0172365305914536,0.0927917968696298,0,32.3304440824109,28.8172024921223
459,0.767069706822371,0.784444690822495,0.0173749840001243,0.089747190156247,0,33.4272303653975,29.7948046656909
460,0.770256448484753,0.773681867635435,0.00342541915068188,0.0910985531404254,0,32.9313682444067,29.3528262285145
461,0.7711748966985,0.78511406557182,0.0139391688733203,0.0857497225145345,0,34.9855359530931,31.1837743795236
462,0.772286513465069,0.772286513465069,0,0.0883056930487379,0,33.9728945714093,30.2811733613161
463,0.761906913488854,0.776659135327389,0.0147522218385352,0.068921931718922,0,43.5275089536757,38.7975196473762
464,0.778032545082041,0.799843046637516,0.0218105015554757,0.106709680469793,0,28.1136630415572,25.0586449910413
465,0.753715939047449,0.795877714290044,0.042161775242595,0.0960348032241034,0,31.238674931205,27.8440722553473
466,0.772781628903239,0.79711388229217,0.024332253388931,0.104526814567106,0,28.7007693903655,25.5819524499457
467,0.767661686237206,0.794633391979712,0.0269717057425054,0.096513478058706,0,31.0837414664012,27.7059748937189
468,0.758035071179176,0.774487361085402,0.0164522899062259,0.0750370001299276,0,39.9802763277511,35.6357529668021
469,0.761820197622857,0.798831960584483,0.037011762961626,0.090714267083539,0,33.0708729337723,29.4771714083024
470,0.777057265357636,0.799814392754484,0.0227571273968482,0.102521740959794,0,29.2620859918533,26.0822726474052
471,0.766703739296928,0.799683052207908,0.0329793129109798,0.0898296019819639,0,33.3965634246308,29.7674701991543
472,0.771863384172164,0.789948386160666,0.018085001988502,0.0844223897422814,0,35.5355967671394,31.6740619184436
473,0.767133417752441,0.790587879191904,0.023454461439463,0.0954868422717506,0,31.4179412432778,28.0038582948416
474,0.767817981895342,0.767817981895342,0,0.0711079155664409,0,42.1893958795192,37.6048148606115
475,0.765161770780645,0.765161770780645,0,0.0911170035402022,0,32.9246999291011,29.3468825368054
476,0.764660323827061,0.781103396419191,0.0164430725921299,0.0900497341373855,0,33.3149234557763,29.6947017735819
477,0.768236652121777,0.797494601986787,0.0292579498650098,0.100148582306539,0,29.9554914398835,26.7003280367495
478,0.773366864724968,0.801236662021637,0.0278697972966685,0.105809520402121,0,28.3528361965798,25.2718279965514
479,0.762616944542846,0.774784956963804,0.012168012420958,0.0767852326610822,0,39.0700125015121,34.8244044763478
480,0.757118312673031,0.777565242697381,0.0204469300243498,0.0768394683034451,0,39.0424356940207,34.7998243486038
481,0.758393252942931,0.782297621254868,0.0239043683119372,0.0780864696680072,0,38.4189477736004,34.2440887822025
482,0.770417979624746,0.783851097783852,0.0134331181591061,0.100392591797869,0,29.882683037412,26.6354314806799
483,0.760995290318287,0.796678118348173,0.0356828280298857,0.0865169803004988,0,34.6752740280593,30.9072275836768
484,0.767674816623821,0.779604028584245,0.0119292119604238,0.0868793449534114,0,34.5306470900389,30.7783167729213
485,0.771876362465409,0.800523551997406,0.028647189531997,0.101316117498902,0,29.6102937425776,26.3926418225508
486,0.767632983897679,0.778554429335265,0.0109214454375852,0.0780930424099587,0,38.4157142226723,34.2412066104752
487,0.762741833548225,0.785845100041091,0.0231032664928659,0.0881192654110578,0,34.0447685986218,30.3452370775715
488,0.778371713935882,0.796715976819816,0.0183442628839334,0.0994681196983888,0,30.1604173186014,26.8829853033134
489,0.760504499645637,0.793942142613295,0.0334376429676581,0.0938200350239097,0,31.9761125567205,28.5013749922236
490,0.763597341002902,0.767471771209913,0.00387443020701084,0.0753425300017019,0,39.8181478632618,35.4912424621207
491,0.766561738470908,0.793471255284642,0.0269095168137336,0.0880093956928008,0,34.0872696191618,30.3831196538796
492,0.767796028965319,0.782489755215981,0.0146937262506622,0.0932692319292160,0,32.1649480535742,28.6696903650858
493,0.757622247861531,0.771183229116206,0.0135609812546749,0.0698455438112582,0,42.9519169913949,38.2844753449967
494,0.771317189401872,0.785658908936405,0.0143417195345328,0.0986682484602807,0,30.4049179631243,27.1009168777981
495,0.763620766465845,0.79374687866624,0.0301261122003954,0.0957996533487488,0,31.3153533977707,27.9124183285463
496,0.766635357652009,0.7985908356206,0.0319554779685911,0.084097209500444,0,35.6730029191297,31.7965366019176
497,0.751524094296007,0.782404210965288,0.0308801166692811,0.0842940260774726,0,35.589710678225,31.7222954511912
498,0.753925428060722,0.768950931755007,0.0150255036942849,0.0825631033711303,0,36.3358434640552,32.3873484742945
499,0.760338026711332,0.78449177513871,0.0241537484273782,0.0683934798193398,0,43.8638304108001,39.0972941728265
500,0.762612041131488,0.779231925107612,0.0166198839761236,0.0748533671685254,0,40.0783573736339,35.7231758723657
