country,date,month,year,births
AT,2026-09-01,September,2026,6734.0
AT,2026-10-01,October,2026,6682.0
AT,2026-11-01,November,2026,6143.0
AT,2026-12-01,December,2026,6085.0
AT,2027-01-01,January,2027,6360.0
AT,2027-02-01,February,2027,5529.0
AT,2027-03-01,March,2027,6117.0
AT,2027-04-01,April,2027,6072.0
AT,2027-05-01,May,2027,6395.0
AT,2027-06-01,June,2027,6299.0
AT,2027-07-01,July,2027,7091.0
AT,2027-08-01,August,2027,6701.0
BE,2026-09-01,September,2026,9061.0
BE,2026-10-01,October,2026,9302.0
BE,2026-11-01,November,2026,8515.0
BE,2026-12-01,December,2026,8718.0
BE,2027-01-01,January,2027,9501.0
BE,2027-02-01,February,2027,8332.0
BE,2027-03-01,March,2027,8784.0
BE,2027-04-01,April,2027,9130.0
BE,2027-05-01,May,2027,9079.0
BE,2027-06-01,June,2027,9133.0
BE,2027-07-01,July,2027,9946.0
BE,2027-08-01,August,2027,9554.0
BG,2026-09-01,September,2026,4314.0
BG,2026-10-01,October,2026,4168.0
BG,2026-11-01,November,2026,3918.0
BG,2026-12-01,December,2026,4059.0
BG,2027-01-01,January,2027,4646.0
BG,2027-02-01,February,2027,3908.0
BG,2027-03-01,March,2027,4160.0
BG,2027-04-01,April,2027,4084.0
BG,2027-05-01,May,2027,4329.0
BG,2027-06-01,June,2027,4422.0
BG,2027-07-01,July,2027,4720.0
BG,2027-08-01,August,2027,4381.0
CY,2026-09-01,September,2026,838.0
CY,2026-10-01,October,2026,900.0
CY,2026-11-01,November,2026,853.0
CY,2026-12-01,December,2026,873.0
CY,2027-01-01,January,2027,824.0
CY,2027-02-01,February,2027,690.0
CY,2027-03-01,March,2027,711.0
CY,2027-04-01,April,2027,690.0
CY,2027-05-01,May,2027,706.0
CY,2027-06-01,June,2027,747.0
CY,2027-07-01,July,2027,868.0
CY,2027-08-01,August,2027,839.0
CZ,2026-09-01,September,2026,6949.0
CZ,2026-10-01,October,2026,6840.0
CZ,2026-11-01,November,2026,6462.0
CZ,2026-12-01,December,2026,6541.0
CZ,2027-01-01,January,2027,6586.0
CZ,2027-02-01,February,2027,5800.0
CZ,2027-03-01,March,2027,6253.0
CZ,2027-04-01,April,2027,6104.0
CZ,2027-05-01,May,2027,6268.0
CZ,2027-06-01,June,2027,6424.0
CZ,2027-07-01,July,2027,7648.0
CZ,2027-08-01,August,2027,7564.0
DE,2026-09-01,September,2026,59233.0
DE,2026-10-01,October,2026,58604.0
DE,2026-11-01,November,2026,55757.0
DE,2026-12-01,December,2026,54017.0
DE,2027-01-01,January,2027,54183.0
DE,2027-02-01,February,2027,48983.0
DE,2027-03-01,March,2027,53342.0
DE,2027-04-01,April,2027,51964.0
DE,2027-05-01,May,2027,54642.0
DE,2027-06-01,June,2027,53884.0
DE,2027-07-01,July,2027,59101.0
DE,2027-08-01,August,2027,59274.0
DK,2026-09-01,September,2026,5205.0
DK,2026-10-01,October,2026,4882.0
DK,2026-11-01,November,2026,4660.0
DK,2026-12-01,December,2026,4436.0
DK,2027-01-01,January,2027,4795.0
DK,2027-02-01,February,2027,4435.0
DK,2027-03-01,March,2027,4914.0
DK,2027-04-01,April,2027,4701.0
DK,2027-05-01,May,2027,5247.0
DK,2027-06-01,June,2027,5021.0
DK,2027-07-01,July,2027,5454.0
DK,2027-08-01,August,2027,5414.0
EE,2026-09-01,September,2026,794.0
EE,2026-10-01,October,2026,795.0
EE,2026-11-01,November,2026,766.0
EE,2026-12-01,December,2026,711.0
EE,2027-01-01,January,2027,719.0
EE,2027-02-01,February,2027,662.0
EE,2027-03-01,March,2027,805.0
EE,2027-04-01,April,2027,748.0
EE,2027-05-01,May,2027,784.0
EE,2027-06-01,June,2027,749.0
EE,2027-07-01,July,2027,867.0
EE,2027-08-01,August,2027,798.0
EL,2026-09-01,September,2026,5364.0
EL,2026-10-01,October,2026,6206.0
EL,2026-11-01,November,2026,5965.0
EL,2026-12-01,December,2026,5606.0
EL,2027-01-01,January,2027,5631.0
EL,2027-02-01,February,2027,5126.0
EL,2027-03-01,March,2027,5088.0
EL,2027-04-01,April,2027,4802.0
EL,2027-05-01,May,2027,5293.0
EL,2027-06-01,June,2027,5343.0
EL,2027-07-01,July,2027,6111.0
EL,2027-08-01,August,2027,5693.0
ES,2026-09-01,September,2026,28597.0
ES,2026-10-01,October,2026,28227.0
ES,2026-11-01,November,2026,26661.0
ES,2026-12-01,December,2026,26472.0
ES,2027-01-01,January,2027,26809.0
ES,2027-02-01,February,2027,24311.0
ES,2027-03-01,March,2027,26361.0
ES,2027-04-01,April,2027,25871.0
ES,2027-05-01,May,2027,25946.0
ES,2027-06-01,June,2027,25767.0
ES,2027-07-01,July,2027,27351.0
ES,2027-08-01,August,2027,27703.0
FI,2026-09-01,September,2026,3953.0
FI,2026-10-01,October,2026,4110.0
FI,2026-11-01,November,2026,3600.0
FI,2026-12-01,December,2026,3550.0
FI,2027-01-01,January,2027,3836.0
FI,2027-02-01,February,2027,3312.0
FI,2027-03-01,March,2027,3755.0
FI,2027-04-01,April,2027,3673.0
FI,2027-05-01,May,2027,3855.0
FI,2027-06-01,June,2027,3967.0
FI,2027-07-01,July,2027,4085.0
FI,2027-08-01,August,2027,4035.0
FR,2026-09-01,September,2026,53537.0
FR,2026-10-01,October,2026,55204.0
FR,2026-11-01,November,2026,53467.0
FR,2026-12-01,December,2026,54058.0
FR,2027-01-01,January,2027,54877.0
FR,2027-02-01,February,2027,49308.0
FR,2027-03-01,March,2027,53633.0
FR,2027-04-01,April,2027,51732.0
FR,2027-05-01,May,2027,53898.0
FR,2027-06-01,June,2027,54281.0
FR,2027-07-01,July,2027,57274.0
FR,2027-08-01,August,2027,55452.0
HR,2026-09-01,September,2026,3087.0
HR,2026-10-01,October,2026,3034.0
HR,2026-11-01,November,2026,2662.0
HR,2026-12-01,December,2026,2747.0
HR,2027-01-01,January,2027,2960.0
HR,2027-02-01,February,2027,2233.0
HR,2027-03-01,March,2027,2655.0
HR,2027-04-01,April,2027,2423.0
HR,2027-05-01,May,2027,2394.0
HR,2027-06-01,June,2027,2557.0
HR,2027-07-01,July,2027,2972.0
HR,2027-08-01,August,2027,2791.0
HU,2026-09-01,September,2026,6290.0
HU,2026-10-01,October,2026,6050.0
HU,2026-11-01,November,2026,6308.0
HU,2026-12-01,December,2026,6389.0
HU,2027-01-01,January,2027,6510.0
HU,2027-02-01,February,2027,5760.0
HU,2027-03-01,March,2027,6010.0
HU,2027-04-01,April,2027,5450.0
HU,2027-05-01,May,2027,5830.0
HU,2027-06-01,June,2027,6020.0
HU,2027-07-01,July,2027,6840.0
HU,2027-08-01,August,2027,6470.0
IE,2026-09-01,September,2026,4555.0
IE,2026-10-01,October,2026,4698.0
IE,2026-11-01,November,2026,4388.0
IE,2026-12-01,December,2026,4388.0
IE,2027-01-01,January,2027,4554.0
IE,2027-02-01,February,2027,4026.0
IE,2027-03-01,March,2027,4383.0
IE,2027-04-01,April,2027,4294.0
IE,2027-05-01,May,2027,4501.0
IE,2027-06-01,June,2027,4399.0
IE,2027-07-01,July,2027,4623.0
IE,2027-08-01,August,2027,4517.0
IS,2026-09-01,September,2026,346.0
IS,2026-10-01,October,2026,387.0
IS,2026-11-01,November,2026,338.0
IS,2026-12-01,December,2026,332.0
IS,2027-01-01,January,2027,327.0
IS,2027-02-01,February,2027,348.0
IS,2027-03-01,March,2027,303.0
IS,2027-04-01,April,2027,398.0
IS,2027-05-01,May,2027,351.0
IS,2027-06-01,June,2027,364.0
IS,2027-07-01,July,2027,382.0
IS,2027-08-01,August,2027,380.0
IT,2026-09-01,September,2026,31783.0
IT,2026-10-01,October,2026,32656.0
IT,2026-11-01,November,2026,31425.0
IT,2026-12-01,December,2026,31209.0
IT,2027-01-01,January,2027,30794.0
IT,2027-02-01,February,2027,26293.0
IT,2027-03-01,March,2027,28135.0
IT,2027-04-01,April,2027,25809.0
IT,2027-05-01,May,2027,27137.0
IT,2027-06-01,June,2027,28158.0
IT,2027-07-01,July,2027,31959.0
IT,2027-08-01,August,2027,31446.0
LI,2026-09-01,September,2026,24.0
LI,2026-10-01,October,2026,14.0
LI,2026-11-01,November,2026,8.0
LI,2026-12-01,December,2026,26.0
LI,2027-01-01,January,2027,30.0
LI,2027-02-01,February,2027,23.0
LI,2027-03-01,March,2027,27.0
LI,2027-04-01,April,2027,27.0
LI,2027-05-01,May,2027,24.0
LI,2027-06-01,June,2027,28.0
LI,2027-07-01,July,2027,20.0
LI,2027-08-01,August,2027,26.0
LT,2026-09-01,September,2026,1712.0
LT,2026-10-01,October,2026,1558.0
LT,2026-11-01,November,2026,1480.0
LT,2026-12-01,December,2026,1425.0
LT,2027-01-01,January,2027,1221.0
LT,2027-02-01,February,2027,1263.0
LT,2027-03-01,March,2027,1377.0
LT,2027-04-01,April,2027,1419.0
LT,2027-05-01,May,2027,1503.0
LT,2027-06-01,June,2027,1492.0
LT,2027-07-01,July,2027,1649.0
LT,2027-08-01,August,2027,1568.0
LU,2026-09-01,September,2026,521.0
LU,2026-10-01,October,2026,606.0
LU,2026-11-01,November,2026,509.0
LU,2026-12-01,December,2026,544.0
LU,2027-01-01,January,2027,526.0
LU,2027-02-01,February,2027,492.0
LU,2027-03-01,March,2027,501.0
LU,2027-04-01,April,2027,493.0
LU,2027-05-01,May,2027,532.0
LU,2027-06-01,June,2027,565.0
LU,2027-07-01,July,2027,575.0
LU,2027-08-01,August,2027,549.0
LV,2026-09-01,September,2026,1046.0
LV,2026-10-01,October,2026,1020.0
LV,2026-11-01,November,2026,959.0
LV,2026-12-01,December,2026,933.0
LV,2027-01-01,January,2027,881.0
LV,2027-02-01,February,2027,890.0
LV,2027-03-01,March,2027,985.0
LV,2027-04-01,April,2027,976.0
LV,2027-05-01,May,2027,946.0
LV,2027-06-01,June,2027,982.0
LV,2027-07-01,July,2027,1103.0
LV,2027-08-01,August,2027,1074.0
MT,2026-09-01,September,2026,384.0
MT,2026-10-01,October,2026,401.0
MT,2026-11-01,November,2026,402.0
MT,2026-12-01,December,2026,401.0
MT,2027-01-01,January,2027,364.0
MT,2027-02-01,February,2027,322.0
MT,2027-03-01,March,2027,347.0
MT,2027-04-01,April,2027,326.0
MT,2027-05-01,May,2027,343.0
MT,2027-06-01,June,2027,341.0
MT,2027-07-01,July,2027,363.0
MT,2027-08-01,August,2027,387.0
NL,2026-09-01,September,2026,14521.0
NL,2026-10-01,October,2026,14074.0
NL,2026-11-01,November,2026,13371.0
NL,2026-12-01,December,2026,13170.0
NL,2027-01-01,January,2027,13690.0
NL,2027-02-01,February,2027,12148.0
NL,2027-03-01,March,2027,13289.0
NL,2027-04-01,April,2027,13434.0
NL,2027-05-01,May,2027,14331.0
NL,2027-06-01,June,2027,14021.0
NL,2027-07-01,July,2027,14964.0
NL,2027-08-01,August,2027,15082.0
NO,2026-09-01,September,2026,4947.0
NO,2026-10-01,October,2026,4641.0
NO,2026-11-01,November,2026,4021.0
NO,2026-12-01,December,2026,3420.0
NO,2027-01-01,January,2027,4473.0
NO,2027-02-01,February,2027,4140.0
NO,2027-03-01,March,2027,4489.0
NO,2027-04-01,April,2027,4649.0
NO,2027-05-01,May,2027,4960.0
NO,2027-06-01,June,2027,4899.0
NO,2027-07-01,July,2027,5207.0
NO,2027-08-01,August,2027,5265.0
PL,2026-09-01,September,2026,22500.0
PL,2026-10-01,October,2026,20923.0
PL,2026-11-01,November,2026,18893.0
PL,2026-12-01,December,2026,20295.0
PL,2027-01-01,January,2027,20834.0
PL,2027-02-01,February,2027,17962.0
PL,2027-03-01,March,2027,18724.0
PL,2027-04-01,April,2027,19254.0
PL,2027-05-01,May,2027,19410.0
PL,2027-06-01,June,2027,19571.0
PL,2027-07-01,July,2027,22500.0
PL,2027-08-01,August,2027,20500.0
PT,2026-09-01,September,2026,7832.0
PT,2026-10-01,October,2026,7428.0
PT,2026-11-01,November,2026,7094.0
PT,2026-12-01,December,2026,7008.0
PT,2027-01-01,January,2027,7078.0
PT,2027-02-01,February,2027,6317.0
PT,2027-03-01,March,2027,6982.0
PT,2027-04-01,April,2027,7010.0
PT,2027-05-01,May,2027,7337.0
PT,2027-06-01,June,2027,7199.0
PT,2027-07-01,July,2027,7764.0
PT,2027-08-01,August,2027,7514.0
RO,2026-09-01,September,2026,13135.0
RO,2026-10-01,October,2026,11216.0
RO,2026-11-01,November,2026,9668.0
RO,2026-12-01,December,2026,11014.0
RO,2027-01-01,January,2027,11715.0
RO,2027-02-01,February,2027,10003.0
RO,2027-03-01,March,2027,10217.0
RO,2027-04-01,April,2027,10033.0
RO,2027-05-01,May,2027,10308.0
RO,2027-06-01,June,2027,11044.0
RO,2027-07-01,July,2027,12828.0
RO,2027-08-01,August,2027,11778.0
SE,2026-09-01,September,2026,7940.0
SE,2026-10-01,October,2026,8174.0
SE,2026-11-01,November,2026,7264.0
SE,2026-12-01,December,2026,6981.0
SE,2027-01-01,January,2027,7988.0
SE,2027-02-01,February,2027,7590.0
SE,2027-03-01,March,2027,8328.0
SE,2027-04-01,April,2027,8278.0
SE,2027-05-01,May,2027,8977.0
SE,2027-06-01,June,2027,8544.0
SE,2027-07-01,July,2027,9058.0
SE,2027-08-01,August,2027,8658.0
SI,2026-09-01,September,2026,1515.0
SI,2026-10-01,October,2026,1531.0
SI,2026-11-01,November,2026,1376.0
SI,2026-12-01,December,2026,1302.0
SI,2027-01-01,January,2027,1411.0
SI,2027-02-01,February,2027,1233.0
SI,2027-03-01,March,2027,1374.0
SI,2027-04-01,April,2027,1286.0
SI,2027-05-01,May,2027,1388.0
SI,2027-06-01,June,2027,1389.0
SI,2027-07-01,July,2027,1512.0
SI,2027-08-01,August,2027,1525.0
SK,2026-09-01,September,2026,4134.0
SK,2026-10-01,October,2026,3808.0
SK,2026-11-01,November,2026,3565.0
SK,2026-12-01,December,2026,3616.0
SK,2027-01-01,January,2027,3563.0
SK,2027-02-01,February,2027,3350.0
SK,2027-03-01,March,2027,3435.0
SK,2027-04-01,April,2027,3248.0
SK,2027-05-01,May,2027,3462.0
SK,2027-06-01,June,2027,3334.0
SK,2027-07-01,July,2027,3988.0
SK,2027-08-01,August,2027,3755.0
