country,iso2_code,age_group,reference_year,total_deaths
Austria,AT,<1,2024,236
Austria,AT,1-4,2024,43
Austria,AT,5-17,2024,134
Austria,AT,18-59,2024,7461
Austria,AT,60-64,2024,4654
Austria,AT,65-69,2024,6143
Austria,AT,70-74,2024,7604
Austria,AT,75-79,2024,10547
Austria,AT,80+,2024,51664
Belgium,BE,<1,2024,378
Belgium,BE,1-4,2024,64
Belgium,BE,5-17,2024,167
Belgium,BE,18-59,2024,9244
Belgium,BE,60-64,2024,5298
Belgium,BE,65-69,2024,7768
Belgium,BE,70-74,2024,10484
Belgium,BE,75-79,2024,13987
Belgium,BE,80+,2024,64708
Bulgaria,BG,<1,2024,238
Bulgaria,BG,1-4,2024,73
Bulgaria,BG,5-17,2024,147
Bulgaria,BG,18-59,2024,12781
Bulgaria,BG,60-64,2024,7146
Bulgaria,BG,65-69,2024,10339
Bulgaria,BG,70-74,2024,13203
Bulgaria,BG,75-79,2024,15980
Bulgaria,BG,80+,2024,40829
Croatia,HR,<1,2024,104
Croatia,HR,1-4,2024,24
Croatia,HR,5-17,2024,49
Croatia,HR,18-59,2024,4359
Croatia,HR,60-64,2024,2949
Croatia,HR,65-69,2024,4633
Croatia,HR,70-74,2024,6184
Croatia,HR,75-79,2024,6688
Croatia,HR,80+,2024,26090
Cyprus,CY,<1,2024,29
Cyprus,CY,1-4,2024,6
Cyprus,CY,5-17,2024,14
Cyprus,CY,18-59,2024,586
Cyprus,CY,60-64,2024,288
Cyprus,CY,65-69,2024,430
Cyprus,CY,70-74,2024,621
Cyprus,CY,75-79,2024,1002
Cyprus,CY,80+,2024,3777
Czechia,CZ,<1,2024,196
Czechia,CZ,1-4,2024,54
Czechia,CZ,5-17,2024,198
Czechia,CZ,18-59,2024,11673
Czechia,CZ,60-64,2024,5611
Czechia,CZ,65-69,2024,9333
Czechia,CZ,70-74,2024,14415
Czechia,CZ,75-79,2024,19021
Czechia,CZ,80+,2024,51710
Denmark,DK,<1,2024,247
Denmark,DK,1-4,2024,29
Denmark,DK,5-17,2024,82
Denmark,DK,18-59,2024,4205
Denmark,DK,60-64,2024,2583
Denmark,DK,65-69,2024,4019
Denmark,DK,70-74,2024,5744
Denmark,DK,75-79,2024,9221
Denmark,DK,80+,2024,30941
Estonia,EE,<1,2024,14
Estonia,EE,1-4,2024,7
Estonia,EE,5-17,2024,38
Estonia,EE,18-59,2024,1811
Estonia,EE,60-64,2024,998
Estonia,EE,65-69,2024,1350
Estonia,EE,70-74,2024,1635
Estonia,EE,75-79,2024,1926
Estonia,EE,80+,2024,7977
Finland,FI,<1,2024,91
Finland,FI,1-4,2024,15
Finland,FI,5-17,2024,99
Finland,FI,18-59,2024,4372
Finland,FI,60-64,2024,2465
Finland,FI,65-69,2024,3898
Finland,FI,70-74,2024,6027
Finland,FI,75-79,2024,8934
Finland,FI,80+,2024,32366
France,FR,<1,2024,2710
France,FR,1-4,2024,509
France,FR,5-17,2024,1227
France,FR,18-59,2024,59508
France,FR,60-64,2024,31262
France,FR,65-69,2024,42837
France,FR,70-74,2024,58061
France,FR,75-79,2024,73027
France,FR,80+,2024,374191
Germany,DE,<1,2024,2245
Germany,DE,1-4,2024,442
Germany,DE,5-17,2024,1146
Germany,DE,18-59,2024,75549
Germany,DE,60-64,2024,54345
Germany,DE,65-69,2024,72120
Germany,DE,70-74,2024,92404
Germany,DE,75-79,2024,104105
Germany,DE,80+,2024,605402
Greece,GR,<1,2024,255
Greece,GR,1-4,2024,45
Greece,GR,5-17,2024,120
Greece,GR,18-59,2024,9465
Greece,GR,60-64,2024,5257
Greece,GR,65-69,2024,7788
Greece,GR,70-74,2024,10219
Greece,GR,75-79,2024,15016
Greece,GR,80+,2024,77708
Hungary,HU,<1,2024,297
Hungary,HU,1-4,2024,74
Hungary,HU,5-17,2024,166
Hungary,HU,18-59,2024,14986
Hungary,HU,60-64,2024,8392
Hungary,HU,65-69,2024,14663
Hungary,HU,70-74,2024,17597
Hungary,HU,75-79,2024,18370
Hungary,HU,80+,2024,53534
Iceland,IS,<1,2024,6
Iceland,IS,1-4,2024,5
Iceland,IS,5-17,2024,9
Iceland,IS,18-59,2024,255
Iceland,IS,60-64,2024,119
Iceland,IS,65-69,2024,194
Iceland,IS,70-74,2024,247
Iceland,IS,75-79,2024,352
Iceland,IS,80+,2024,1420
Ireland,IE,<1,2024,178
Ireland,IE,1-4,2024,16
Ireland,IE,5-17,2024,80
Ireland,IE,18-59,2024,3850
Ireland,IE,60-64,2024,1759
Ireland,IE,65-69,2024,2524
Ireland,IE,70-74,2024,3539
Ireland,IE,75-79,2024,4745
Ireland,IE,80+,2024,18339
Italy,IT,<1,2024,932
Italy,IT,1-4,2024,182
Italy,IT,5-17,2024,698
Italy,IT,18-59,2024,41267
Italy,IT,60-64,2024,24268
Italy,IT,65-69,2024,33766
Italy,IT,70-74,2024,48702
Italy,IT,75-79,2024,75375
Italy,IT,80+,2024,427919
Latvia,LV,<1,2024,19
Latvia,LV,1-4,2024,6
Latvia,LV,5-17,2024,44
Latvia,LV,18-59,2024,3888
Latvia,LV,60-64,2024,1836
Latvia,LV,65-69,2024,2474
Latvia,LV,70-74,2024,2873
Latvia,LV,75-79,2024,3104
Latvia,LV,80+,2024,12417
Liechtenstein,LI,<1,2024,0
Liechtenstein,LI,1-4,2024,0
Liechtenstein,LI,5-17,2024,1
Liechtenstein,LI,18-59,2024,28
Liechtenstein,LI,60-64,2024,16
Liechtenstein,LI,65-69,2024,20
Liechtenstein,LI,70-74,2024,34
Liechtenstein,LI,75-79,2024,51
Liechtenstein,LI,80+,2024,152
Lithuania,LT,<1,2024,56
Lithuania,LT,1-4,2024,16
Lithuania,LT,5-17,2024,55
Lithuania,LT,18-59,2024,5289
Lithuania,LT,60-64,2024,2920
Lithuania,LT,65-69,2024,3670
Lithuania,LT,70-74,2024,3889
Lithuania,LT,75-79,2024,4168
Lithuania,LT,80+,2024,17390
Luxembourg,LU,<1,2024,34
Luxembourg,LU,1-4,2024,2
Luxembourg,LU,5-17,2024,6
Luxembourg,LU,18-59,2024,435
Luxembourg,LU,60-64,2024,250
Luxembourg,LU,65-69,2024,323
Luxembourg,LU,70-74,2024,400
Luxembourg,LU,75-79,2024,496
Luxembourg,LU,80+,2024,2525
Malta,MT,<1,2024,22
Malta,MT,1-4,2024,6
Malta,MT,5-17,2024,4
Malta,MT,18-59,2024,312
Malta,MT,60-64,2024,200
Malta,MT,65-69,2024,282
Malta,MT,70-74,2024,429
Malta,MT,75-79,2024,748
Malta,MT,80+,2024,2178
Netherlands,NL,<1,2024,547
Netherlands,NL,1-4,2024,91
Netherlands,NL,5-17,2024,274
Netherlands,NL,18-59,2024,13202
Netherlands,NL,60-64,2024,8075
Netherlands,NL,65-69,2024,11966
Netherlands,NL,70-74,2024,17148
Netherlands,NL,75-79,2024,26052
Netherlands,NL,80+,2024,94810
Norway,NO,<1,2024,111
Norway,NO,1-4,2024,29
Norway,NO,5-17,2024,88
Norway,NO,18-59,2024,3595
Norway,NO,60-64,2024,1764
Norway,NO,65-69,2024,2856
Norway,NO,70-74,2024,4127
Norway,NO,75-79,2024,6582
Norway,NO,80+,2024,25090
Poland,PL,<1,2024,898
Poland,PL,1-4,2024,203
Poland,PL,5-17,2024,698
Poland,PL,18-59,2024,51476
Poland,PL,60-64,2024,26815
Poland,PL,65-69,2024,46060
Poland,PL,70-74,2024,56274
Poland,PL,75-79,2024,54454
Poland,PL,80+,2024,171626
Portugal,PT,<1,2024,252
Portugal,PT,1-4,2024,32
Portugal,PT,5-17,2024,115
Portugal,PT,18-59,2024,9874
Portugal,PT,60-64,2024,5490
Portugal,PT,65-69,2024,7243
Portugal,PT,70-74,2024,9899
Portugal,PT,75-79,2024,13559
Portugal,PT,80+,2024,71910
Romania,RO,<1,2024,952
Romania,RO,1-4,2024,232
Romania,RO,5-17,2024,474
Romania,RO,18-59,2024,34464
Romania,RO,60-64,2024,15815
Romania,RO,65-69,2024,27052
Romania,RO,70-74,2024,32253
Romania,RO,75-79,2024,31877
Romania,RO,80+,2024,101456
Slovakia,SK,<1,2024,274
Slovakia,SK,1-4,2024,42
Slovakia,SK,5-17,2024,95
Slovakia,SK,18-59,2024,7326
Slovakia,SK,60-64,2024,3885
Slovakia,SK,65-69,2024,5833
Slovakia,SK,70-74,2024,7539
Slovakia,SK,75-79,2024,7685
Slovakia,SK,80+,2024,21197
Slovenia,SI,<1,2024,29
Slovenia,SI,1-4,2024,11
Slovenia,SI,5-17,2024,29
Slovenia,SI,18-59,2024,1727
Slovenia,SI,60-64,2024,1118
Slovenia,SI,65-69,2024,1684
Slovenia,SI,70-74,2024,2277
Slovenia,SI,75-79,2024,2457
Slovenia,SI,80+,2024,12174
Spain,ES,<1,2024,965
Spain,ES,1-4,2024,191
Spain,ES,5-17,2024,585
Spain,ES,18-59,2024,35388
Spain,ES,60-64,2024,20703
Spain,ES,65-69,2024,26683
Spain,ES,70-74,2024,33238
Spain,ES,75-79,2024,47785
Spain,ES,80+,2024,267773
Sweden,SE,<1,2024,194
Sweden,SE,1-4,2024,46
Sweden,SE,5-17,2024,166
Sweden,SE,18-59,2024,5791
Sweden,SE,60-64,2024,3147
Sweden,SE,65-69,2024,4910
Sweden,SE,70-74,2024,7780
Sweden,SE,75-79,2024,13393
Sweden,SE,80+,2024,55841
